time|mean
2010-01-01|2.0048780702963107
2010-01-02|-2.7714285850524902
2010-01-03|-6.3657894510971875
2010-01-04|-4.1499999538064
2010-01-05|-3.187499985098839
2010-01-06|-1.209374986588955
2010-01-07|0.7187500074505806
2010-01-08|-1.3102564261509821
2010-01-09|-4.1937499567866325
2010-01-10|-5.528124921023846
2010-01-11|-2.6593750081956387
2010-01-12|-0.5121212150111343
2010-01-13|-1.3937500268220901
2010-01-14|0.17499998584389687
2010-01-15|3.6374999098479748
2010-01-16|5.534374989569187
2010-01-17|3.1000000489385506
2010-01-18|5.326315722967449
2010-01-19|4.605882329099319
2010-01-20|3.2062499932944775
2010-01-21|1.3062500059604645
2010-01-22|2.734374985098839
2010-01-23|0.2187499962747097
2010-01-24|3.126315728614205
2010-01-25|9.773469379970006
2010-01-26|4.745161248791602
2010-01-27|1.5062500052154064
2010-01-28|0.48409092155369843
2010-01-29|-6.612499997019768
2010-01-30|-8.10937488079071
2010-01-31|-5.021874964237213
2010-02-01|-0.9093749783933163
2010-02-02|-1.0156250074505806
2010-02-03|0.24634144945842465
2010-02-04|0.8187500014901161
2010-02-05|0.5531250052154064
2010-02-06|-3.0818181948228314
2010-02-07|-4.2062500230968
2010-02-08|-1.1812500059604645
2010-02-09|0.751351353284475
2010-02-10|-0.4123076970760639
2010-02-11|0.22285714830671038
2010-02-12|-0.9437499791383743
2010-02-13|-2.250000026077032
2010-02-14|0.15312500298023224
2010-02-15|0.0028571537562779017
2010-02-16|0.34464286054883686
2010-02-17|-0.44999999158522663
2010-02-18|2.135483899424153
2010-02-19|3.7625000178813934
2010-02-20|4.115624986588955
2010-02-21|4.1375000067055225
2010-02-22|2.1406249813735485
2010-02-23|3.0354166626930237
2010-02-24|3.9312500208616257
2010-02-25|1.1370370388031006
2010-02-26|-1.2470588239968992
2010-02-27|0.4583333432674408
2010-02-28|2.0617646960651173
2010-03-01|5.228124961256981
2010-03-02|4.500000026077032
2010-03-03|3.1447368891615617
2010-03-04|5.11874994635582
2010-03-05|4.353124991059303
2010-03-06|5.956249974668026
2010-03-07|8.556249931454659
2010-03-08|10.853125035762787
2010-03-09|10.346874997019768
2010-03-10|7.20937505364418
2010-03-11|8.610256402920454
2010-03-12|6.876595679749834
2010-03-13|8.048837218173714
2010-03-14|8.33749994635582
2010-03-15|6.220512708028157
2010-03-16|9.975757613326564
2010-03-17|9.237500078976154
2010-03-18|10.721212069193522
2010-03-19|11.737499922513962
2010-03-20|12.896874845027924
2010-03-21|10.834374994039536
2010-03-22|11.338775440138214
2010-03-23|9.279999942779542
2010-03-24|10.748484813805783
2010-03-25|9.162499964237213
2010-03-26|7.005405361587937
2010-03-27|1.2781250029802322
2010-03-28|5.40000002251731
2010-03-29|9.75
2010-03-30|7.501886745668807
2010-03-31|9.976315824609054
2010-04-01|10.97352933883667
2010-04-02|10.328124910593033
2010-04-03|8.352173867432967
2010-04-04|12.313333363003201
2010-04-05|14.290625005960464
2010-04-06|15.068749964237213
2010-04-07|20.362499982118607
2010-04-08|15.534374982118607
2010-04-09|13.023684075004176
2010-04-10|10.463636311617764
2010-04-11|15.342424219304865
2010-04-12|15.140624910593033
2010-04-13|10.984375089406967
2010-04-14|11.66451617210142
2010-04-15|15.621212236809008
2010-04-16|9.258536548149294
2010-04-17|9.376315844686408
2010-04-18|10.06874993443489
2010-04-19|12.543749958276749
2010-04-20|13.449999868869781
2010-04-21|12.525000095367432
2010-04-22|13.002325590266738
2010-04-23|14.090624868869781
2010-04-24|13.28125011920929
2010-04-25|9.544736912376003
2010-04-26|10.455000019073486
2010-04-27|10.524999904632569
2010-04-28|9.503124982118607
2010-04-29|14.77500006556511
2010-04-30|15.921875
2010-05-01|18.65312495827675
2010-05-02|18.109375
2010-05-03|19.51521740788999
2010-05-04|20.784375190734863
2010-05-05|17.678125113248825
2010-05-06|18.633333444595337
2010-05-07|15.556249916553497
2010-05-08|16.802631553850677
2010-05-09|10.021875083446503
2010-05-10|11.028125032782555
2010-05-11|10.184375047683716
2010-05-12|8.402127529712434
2010-05-13|11.329411787145277
2010-05-14|16.59736829054983
2010-05-15|20.26249986886978
2010-05-16|17.766666730244953
2010-05-17|16.8935484732351
2010-05-18|11.811363762075251
2010-05-19|14.29411781535429
2010-05-20|17.396875202655792
2010-05-21|20.412500143051147
2010-05-22|17.18571423121861
2010-05-23|19.245454788208008
2010-05-24|18.694000053405762
2010-05-25|18.881818135579426
2010-05-26|24.140625178813934
2010-05-27|20.700000047683716
2010-05-28|16.081249952316284
2010-05-29|18.194444444444443
2010-05-30|24.88749986886978
2010-05-31|22.494117568520938
2010-06-01|22.96470569161808
2010-06-02|22.865714481898717
2010-06-03|22.21794857122959
2010-06-04|25.85624986886978
2010-06-05|26.625000178813934
2010-06-06|25.40303022211248
2010-06-07|20.053125083446503
2010-06-08|20.118749976158142
2010-06-09|15.968421007457533
2010-06-10|18.319444444444443
2010-06-11|17.76470593845143
2010-06-12|19.016666836208767
2010-06-13|21.269230720324394
2010-06-14|20.109302254610284
2010-06-15|21.159374833106995
2010-06-16|19.810000324249266
2010-06-17|22.672727238048207
2010-06-18|22.35625010728836
2010-06-19|21.034374833106995
2010-06-20|25.303030360828746
2010-06-21|27.98437523841858
2010-06-22|24.627777735392254
2010-06-23|27.837500274181366
2010-06-24|29.806250035762787
2010-06-25|25.643749833106995
2010-06-26|25.787500262260437
2010-06-27|26.606249928474426
2010-06-28|29.20000018495502
2010-06-29|28.62187498807907
2010-06-30|22.242424069028914
2010-07-01|22.234375
2010-07-02|22.48181811246005
2010-07-03|24.228125035762787
2010-07-04|28.709375083446503
2010-07-05|29.455882465138156
2010-07-06|30.656250298023224
2010-07-07|30.318181933778703
2010-07-08|25.807547155416238
2010-07-09|26.249999894036186
2010-07-10|25.578947318227666
2010-07-11|26.346874713897705
2010-07-12|26.203125178813934
2010-07-13|25.390384674072266
2010-07-14|25.019148968635722
2010-07-15|25.048571014404295
2010-07-16|26.053658369110853
2010-07-17|29.45312535762787
2010-07-18|29.93333388819839
2010-07-19|26.313636346296832
2010-07-20|27.23437511920929
2010-07-21|28.184848669803504
2010-07-22|28.403125166893005
2010-07-23|26.800000074433118
2010-07-24|31.07575769135446
2010-07-25|28.11081061492095
2010-07-26|26.100000023841858
2010-07-27|26.43225786762853
2010-07-28|25.153124809265137
2010-07-29|25.822222179836697
2010-07-30|23.328125
2010-07-31|22.653125047683716
2010-08-01|23.059375047683716
2010-08-02|23.77812522649765
2010-08-03|24.381249964237213
2010-08-04|25.637499570846558
2010-08-05|28.834375143051147
2010-08-06|28.131250321865082
2010-08-07|23.993749976158142
2010-08-08|25.161764537586887
2010-08-09|25.34166643354628
2010-08-10|27.07058828017291
2010-08-11|27.21875
2010-08-12|23.23142820085798
2010-08-13|22.793750286102295
2010-08-14|21.75312501192093
2010-08-15|23.21176472832175
2010-08-16|24.765789433529502
2010-08-17|26.890624940395355
2010-08-18|24.51249986886978
2010-08-19|24.746874809265137
2010-08-20|27.349999845027924
2010-08-21|23.67941183202407
2010-08-22|23.837254804723404
2010-08-23|20.627272909337822
2010-08-24|19.179999780654907
2010-08-25|19.354166507720947
2010-08-26|23.75
2010-08-27|21.718750059604645
2010-08-28|22.453125
2010-08-29|24.934374928474426
2010-08-30|27.509375035762787
2010-08-31|28.69062501192093
2010-09-01|28.49375009536743
2010-09-02|26.443749845027924
2010-09-03|26.058823361116296
2010-09-04|24.831249952316284
2010-09-05|20.72812509536743
2010-09-06|20.82499998807907
2010-09-07|22.928124964237213
2010-09-08|25.678125083446503
2010-09-09|19.440624952316284
2010-09-10|19.225000202655792
2010-09-11|19.931249976158142
2010-09-12|17.019512153253324
2010-09-13|17.282608757848326
2010-09-14|20.468750059604645
2010-09-15|18.671875178813934
2010-09-16|18.52619053068615
2010-09-17|20.164999961853027
2010-09-18|18.531250298023224
2010-09-19|19.82187521457672
2010-09-20|19.93437510728836
2010-09-21|17.262499928474426
2010-09-22|21.684210375735635
2010-09-23|21.740625023841858
2010-09-24|21.477777820163304
2010-09-25|25.706249713897705
2010-09-26|20.363636248039477
2010-09-27|19.497727524150502
2010-09-28|22.263043735338293
2010-09-29|21.299999952316284
2010-09-30|22.64523796808152
2010-10-01|18.843859689277515
2010-10-02|15.40937489271164
2010-10-03|13.844117753645953
2010-10-04|12.889743658212515
2010-10-05|14.994872044294308
2010-10-06|15.07999997820173
2010-10-07|16.631250023841858
2010-10-08|17.86249989271164
2010-10-09|18.65625
2010-10-10|14.471874952316284
2010-10-11|17.940540623020482
2010-10-12|17.708571515764508
2010-10-13|13.449999898672104
2010-10-14|12.88529421301449
2010-10-15|12.30571425301688
2010-10-16|12.912499994039536
2010-10-17|14.89411760778988
2010-10-18|13.174999982118607
2010-10-19|11.867646974675795
2010-10-20|11.89687493443489
2010-10-21|12.602857289995466
2010-10-22|10.412499964237213
2010-10-23|12.475000232458115
2010-10-24|14.956250101327896
2010-10-25|16.099999803485293
2010-10-26|18.060416618982952
2010-10-27|18.592592274701154
2010-10-28|19.058536576061712
2010-10-29|12.103125005960464
2010-10-30|10.162499964237213
2010-10-31|11.2147058318643
2010-11-01|6.099999889731407
2010-11-02|6.399999991059303
2010-11-03|7.412500038743019
2010-11-04|9.608695589977762
2010-11-05|9.480952399117607
2010-11-06|7.9187499433755875
2010-11-07|6.964705845888923
2010-11-08|6.036585272812262
2010-11-09|8.668749988079071
2010-11-10|10.436111052831015
2010-11-11|8.535483867891374
2010-11-12|10.628124997019768
2010-11-13|11.50624993443489
2010-11-14|9.588235294117647
2010-11-15|11.406521734984025
2010-11-16|12.07234057974308
2010-11-17|14.280000032697405
2010-11-18|10.393749982118607
2010-11-19|6.746874883770943
2010-11-20|9.193750008940697
2010-11-21|6.411764719906976
2010-11-22|11.66470583747415
2010-11-23|12.75937506556511
2010-11-24|7.746874928474426
2010-11-25|5.152777791023254
2010-11-26|10.145999975204468
2010-11-27|4.15625
2010-11-28|4.584375001490116
2010-11-29|4.718749985098839
2010-11-30|11.291176403270049
2010-12-01|12.026086900545204
2010-12-02|3.625
2010-12-03|2.78437502682209
2010-12-04|2.1906250230968
2010-12-05|0.9562500193715096
2010-12-06|0.6205882500199711
2010-12-07|0.8781250044703484
2010-12-08|-0.26875000819563866
2010-12-09|-2.5031250193715096
2010-12-10|-1.781249973922968
2010-12-11|2.6343749798834324
2010-12-12|9.929411747876335
2010-12-13|4.6382978393676435
2010-12-14|-5.859459387289511
2010-12-15|-4.003124974668026
2010-12-16|-2.559375025331974
2010-12-17|-1.0218750163912773
2010-12-18|-0.14516129032258066
2010-12-19|0.2749999910593033
2010-12-20|-0.3062500096857548
2010-12-21|0.6875000074505806
2010-12-22|0.71875
2010-12-23|0.787500012665987
2010-12-24|0.9062500037252903
2010-12-25|-1.0968749970197678
2010-12-31|0.8250000178813934
2011-01-01|3.7030302864132505
2011-01-02|5.606521710105564
2011-01-03|0.25312500447034836
2011-01-04|0.8468750044703484
2011-01-05|1.381250012665987
2011-01-06|-1.8281250223517418
2011-01-07|-0.14081633334257165
2011-01-08|-2.4684210764734367
2011-01-09|-1.5281250029802322
2011-01-10|-1.371874999254942
2011-01-11|-2.3342105620785762
2011-01-12|-2.577500021457672
2011-01-13|-3.803125027567148
2011-01-14|-5.243750028312206
2011-01-15|-1.28125
2011-01-16|-0.049999989569187164
2011-01-17|-4.193749979138374
2011-01-18|1.5793103329066573
2011-01-19|3.229729739395348
2011-01-20|0.503125011920929
2011-01-21|-1.7731707415929654
2011-01-22|-7.212499916553497
2011-01-23|-6.887500062584877
2011-01-24|-9.971874967217445
2011-01-25|-1.1926829436930215
2011-01-26|-0.4228070200535289
2011-01-27|0.10000000773249446
2011-01-28|-1.1365853751577981
2011-01-29|-0.605405414426649
2011-01-30|0.18437499552965164
2011-01-31|-3.1031249947845936
2011-02-01|-1.9517857091767448
2011-02-02|1.1192307747327364
2011-02-03|-1.390625011175871
2011-02-04|-2.465625010430813
2011-02-05|1.907547170261167
2011-02-06|4.081249997019768
2011-02-07|2.2363636854923135
2011-02-08|1.3044444508022732
2011-02-09|-4.806249998509884
2011-02-10|-2.718750022351742
2011-02-11|-2.1343749687075615
2011-02-12|0.6500000134110451
2011-02-13|1.812500026077032
2011-02-14|7.621874988079071
2011-02-15|0.3843749910593033
2011-02-16|1.1375000104308128
2011-02-17|7.374999925494194
2011-02-18|11.155882428674136
2011-02-19|4.290624935179949
2011-02-20|-0.4624999836087227
2011-02-21|-0.48888889683617487
2011-02-22|-3.7124999947845936
2011-02-23|-0.26875000819563866
2011-02-24|1.3031250275671482
2011-02-25|6.186363640156659
2011-02-26|2.4562499970197678
2011-02-27|6.23823533338659
2011-02-28|7.836170196533203
2011-03-01|3.662499986588955
2011-03-02|4.793749999254942
2011-03-03|-3.196874987334013
2011-03-04|0.9656250290572643
2011-03-05|7.611764739541447
2011-03-06|8.872222193965206
2011-03-07|5.9857142596017745
2011-03-08|2.565625011920929
2011-03-09|2.7303030490875244
2011-03-10|6.831707332192398
2011-03-11|9.173913022746211
2011-03-12|7.181249976158142
2011-03-13|8.22666662534078
2011-03-14|5.437499932944775
2011-03-15|3.821621611311629
2011-03-16|7.395555549197727
2011-03-17|10.832258132196241
2011-03-18|15.206249982118607
2011-03-19|10.509374976158142
2011-03-20|4.46875000372529
2011-03-21|5.664583345254262
2011-03-22|8.253124937415123
2011-03-23|1.9731343361868787
2011-03-24|2.392499974370003
2011-03-25|2.2406249940395355
2011-03-26|0.8625000156462193
2011-03-27|2.2374999560415745
2011-03-28|2.606249999254942
2011-03-29|4.828124940395355
2011-03-30|5.481250002980232
2011-03-31|4.6692307484455595
2011-04-01|4.037499952316284
2011-04-02|8.375000067055225
2011-04-03|10.53749991953373
2011-04-04|9.381249994039536
2011-04-05|9.348888980017769
2011-04-06|7.671875
2011-04-07|6.788888785574171
2011-04-08|6.143902359939203
2011-04-09|7.271874986588955
2011-04-10|8.292307621393448
2011-04-11|10.802222230699327
2011-04-12|13.334210621683221
2011-04-13|9.726415112333477
2011-04-14|12.938235338996439
2011-04-15|9.412121180332068
2011-04-16|7.826829293879067
2011-04-17|12.721621642241606
2011-04-18|11.303124964237213
2011-04-19|10.565624922513962
2011-04-20|10.080952326456705
2011-04-21|12.674999922513962
2011-04-22|7.01249997317791
2011-04-23|9.198000011444092
2011-04-24|15.62682935668201
2011-04-25|15.663157914814196
2011-04-26|15.085714242896255
2011-04-27|14.790196063471775
2011-04-28|14.729824484440318
2011-04-29|17.090625077486038
2011-04-30|13.731250077486038
2011-05-01|12.900000303983688
2011-05-02|12.043749988079071
2011-05-03|14.91562506556511
2011-05-04|12.425531894602674
2011-05-05|13.546874970197678
2011-05-06|13.590909090909092
2011-05-07|15.881818164478648
2011-05-08|16.718750059604645
2011-05-09|16.909375071525574
2011-05-10|15.827272790851016
2011-05-11|15.071875125169754
2011-05-12|14.903124928474426
2011-05-13|13.893939538435502
2011-05-14|15.037500202655792
2011-05-15|16.623077099139874
2011-05-16|15.814285959516253
2011-05-17|14.476923080591055
2011-05-18|17.50909120386297
2011-05-19|17.90576934814453
2011-05-20|15.632692447075478
2011-05-21|15.884090900421143
2011-05-22|13.023684275777716
2011-05-23|15.127500295639038
2011-05-24|20.24000023735894
2011-05-25|21.396874725818634
2011-05-26|19.025000182065096
2011-05-27|21.140624582767487
2011-05-28|20.615789162485225
2011-05-29|20.764864586495065
2011-05-30|23.01794859079214
2011-05-31|24.09677413202101
2011-06-01|21.43541657924652
2011-06-02|24.090624809265137
2011-06-03|20.115625023841858
2011-06-04|20.050000071525574
2011-06-05|16.49444431728787
2011-06-06|20.61250013113022
2011-06-07|24.087878545125324
2011-06-08|25.193749964237213
2011-06-09|25.433333225739307
2011-06-10|24.1757575526382
2011-06-11|19.121276530813663
2011-06-12|17.534999942779542
2011-06-13|19.34444448682997
2011-06-14|17.82749996185303
2011-06-15|21.05937498807907
2011-06-16|22.37812513113022
2011-06-17|21.22
2011-06-18|22.568750023841858
2011-06-19|23.46250021457672
2011-06-20|21.537499845027924
2011-06-21|22.78125
2011-06-22|22.792307682526417
2011-06-23|21.43703736199273
2011-06-24|19.614634025387648
2011-06-25|21.58809502919515
2011-06-26|24.034374952316284
2011-06-27|23.784375071525574
2011-06-28|24.050000190734863
2011-06-29|25.410810625230944
2011-06-30|24.03823527167825
2011-07-01|24.115151434233695
2011-07-02|24.49687486886978
2011-07-03|22.602381115867978
2011-07-04|24.800000090348092
2011-07-05|27.01212131615841
2011-07-06|25.793749809265137
2011-07-07|26.552941154031192
2011-07-08|24.599999979922647
2011-07-09|25.84444464577569
2011-07-10|24.96250021457672
2011-07-11|26.274999856948853
2011-07-12|30.140625178813934
2011-07-13|27.970588291392605
2011-07-14|22.737499952316284
2011-07-15|24.154545466105144
2011-07-16|25.503125071525574
2011-07-17|25.54999989271164
2011-07-18|26.988235249238855
2011-07-19|27.51250010728836
2011-07-20|25.355262906927813
2011-07-21|25.46744164755178
2011-07-22|31.80000016183564
2011-07-23|32.171875059604645
2011-07-24|29.2647061067469
2011-07-25|23.445945945945947
2011-07-26|24.807692454411434
2011-07-27|25.648484779126715
2011-07-28|25.68437498807907
2011-07-29|24.75555559794108
2011-07-30|28.759374856948853
2011-07-31|26.693749964237213
2011-08-01|26.875675510715794
2011-08-02|28.284374952316284
2011-08-03|24.197368270472477
2011-08-04|23.271428680419923
2011-08-05|24.240625262260437
2011-08-06|24.600000083446503
2011-08-07|26.202777491675484
2011-08-08|27.85151498967951
2011-08-09|24.866666475931805
2011-08-10|26.249999940395355
2011-08-11|25.040625035762787
2011-08-12|23.92903204887144
2011-08-13|24.55625009536743
2011-08-14|21.520754832141805
2011-08-15|23.20810823182802
2011-08-16|21.61025639069386
2011-08-17|24.20624989271164
2011-08-18|23.399999927830052
2011-08-19|22.755000114440918
2011-08-20|22.885294128866757
2011-08-21|23.8953488372093
2011-08-22|23.16875022649765
2011-08-23|21.78181827429569
2011-08-24|22.30312478542328
2011-08-25|23.694736430519505
2011-08-26|24.229412078857422
2011-08-27|24.339344118462233
2011-08-28|22.89374997615814
2011-08-29|20.49999988079071
2011-08-30|21.443750083446503
2011-08-31|22.768750071525574
2011-09-01|22.34687513113022
2011-09-02|20.37187486886978
2011-09-03|22.134374737739563
2011-09-04|23.200000033659094
2011-09-05|23.22972972972973
2011-09-06|18.198000144958495
2011-09-07|19.50212770827273
2011-09-08|21.311363436959006
2011-09-09|23.122856957571848
2011-09-10|22.967647271997787
2011-09-11|19.37777762942844
2011-09-12|21.558823529411764
2011-09-13|22.671875
2011-09-14|23.47812521457672
2011-09-15|20.25263171446951
2011-09-16|14.846875041723251
2011-09-17|15.000000149011612
2011-09-18|15.637499898672104
2011-09-19|15.468750089406967
2011-09-20|18.32058811187744
2011-09-21|19.810526446292275
2011-09-22|21.48421066685727
2011-09-23|21.203333600362143
2011-09-24|21.91428587777274
2011-09-25|22.70000034570694
2011-09-26|21.8212767661886
2011-09-27|21.494117699417412
2011-09-28|21.550000143051147
2011-09-29|21.196296479966904
2011-09-30|20.040000098092214
2011-10-01|16.509375005960464
2011-10-02|14.150000015894571
2011-10-03|11.634375035762787
2011-10-04|14.168421268463135
2011-10-05|17.9375
2011-10-06|14.722580663619503
2011-10-07|14.106250137090683
2011-10-08|17.324999928474426
2011-10-09|21.04375010728836
2011-10-10|21.875000059604645
2011-10-11|19.781818043101918
2011-10-12|16.22702742911674
2011-10-13|17.76595744680851
2011-10-14|19.30000002879017
2011-10-15|16.396874964237213
2011-10-16|16.874999821186066
2011-10-17|16.771874964237213
2011-10-18|15.946875005960464
2011-10-19|17.209804048725204
2011-10-20|18.28780483618015
2011-10-21|12.893749952316284
2011-10-22|12.250000029802322
2011-10-23|12.481249928474426
2011-10-24|12.974999994039536
2011-10-25|14.340625166893005
2011-10-26|12.703124970197678
2011-10-27|10.477777703603108
2011-10-28|6.048571402685983
2011-10-29|3.058823494350209
2011-10-30|4.361764707986047
2011-10-31|7.04062507674098
2011-11-01|9.609375029802322
2011-11-02|8.493749976158142
2011-11-03|10.346875011920929
2011-11-04|9.687499940395355
2011-11-05|5.956249937415123
2011-11-06|7.167647042695214
2011-11-07|9.888888849152458
2011-11-08|13.343749850988388
2011-11-09|11.638636415654963
2011-11-10|13.77551016515615
2011-11-11|7.927272695483583
2011-11-12|8.799999997019768
2011-11-13|11.36562493443489
2011-11-14|14.037500023841858
2011-11-15|15.396874815225601
2011-11-16|13.345000004768371
2011-11-17|7.978378257235965
2011-11-18|5.103124961256981
2011-11-19|7.8750001192092896
2011-11-20|12.793750137090683
2011-11-21|11.68571434020996
2011-11-22|9.265116137127544
2011-11-23|9.447916597127914
2011-11-24|7.217647033579209
2011-11-25|10.506249964237213
2011-11-26|10.900000005960464
2011-11-27|10.267647063030916
2011-11-28|14.15000006556511
2011-11-29|15.085000157356262
2011-11-30|9.095000052452088
2011-12-01|6.574999928474426
2011-12-02|6.846875034272671
2011-12-03|4.818749979138374
2011-12-04|7.790909095243975
2011-12-05|10.153191525885399
2011-12-06|12.997826161591902
2011-12-07|11.797872421589304
2011-12-08|5.2939393737099385
2011-12-09|7.211764742346371
2011-12-10|5.472727204814102
2011-12-11|0.9656250029802322
2011-12-12|3.043749999254942
2011-12-13|4.006249997764826
2011-12-14|6.140625037252903
2011-12-15|10.397142846243723
2011-12-16|8.943750008940697
2011-12-17|3.806249976158142
2011-12-18|-2.6500000096857548
2011-12-19|3.3218750283122063
2011-12-20|7.103030233672171
2011-12-21|10.257142918450493
2011-12-22|11.961764728321748
2011-12-23|7.853846140396901
2011-12-24|0.42500000447034836
2011-12-25|3.7562499828636646
2011-12-26|1.0243243027377773
2011-12-27|0.9831460486637073
2011-12-28|2.381249975413084
2011-12-29|0.3062500059604645
2011-12-30|2.735937435179949
2011-12-31|6.109374972060323
2012-01-01|8.028124906122684
2012-01-02|4.6874999813735485
2012-01-03|-2.8312500044703484
2012-01-04|-6.15625
2012-01-05|0.8906249962747097
2012-01-06|6.178124964237213
2012-01-07|9.318749986588955
2012-01-08|5.824999917298555
2012-01-09|1.5843749903142452
2012-01-10|4.638235313050887
2012-01-11|4.903124950826168
2012-01-12|7.409803848640592
2012-01-13|4.026829193278057
2012-01-14|-0.7937500216066837
2012-01-15|-5.71562497317791
2012-01-16|-3.172727191086971
2012-01-17|5.556756689741805
2012-01-18|3.762499962002039
2012-01-19|-1.841176432721755
2012-01-20|-0.5000000111758709
2012-01-21|-2.8820000171661375
2012-01-22|-3.129411718424629
2012-01-23|6.285106397689657
2012-01-24|8.716216138891271
2012-01-25|5.287499964237213
2012-01-26|3.157499998807907
2012-01-27|9.89056606112786
2012-01-28|6.034374877810478
2012-01-29|4.078124992549419
2012-01-30|2.94062502682209
2012-01-31|7.3812500461936
2012-02-01|11.346875041723251
2012-02-02|6.078124932944775
2012-02-03|3.065624985843897
2012-02-04|4.953124962747097
2012-02-05|1.9575757908098625
2012-02-06|4.815624944865704
2012-02-07|6.143750011920929
2012-02-08|1.441860465116279
2012-02-09|2.894285726547241
2012-02-10|3.796874951571226
2012-02-11|1.8978260833284128
2012-02-12|-2.3312500044703484
2012-02-13|1.8093749806284904
2012-02-14|4.703124955296516
2012-02-15|5.876470565795898
2012-02-16|4.273529385819154
2012-02-17|7.529545420950109
2012-02-18|5.174999959766865
2012-02-19|3.8781249709427357
2012-02-20|3.2000000290572643
2012-02-21|3.587499935179949
2012-02-22|7.918750010430813
2012-02-23|10.306250050663948
2012-02-24|5.81190470286778
2012-02-25|5.112499974668026
2012-02-26|2.737499974668026
2012-02-27|5.834374941885471
2012-02-28|7.463636340516986
2012-02-29|4.824999941719903
2012-03-01|4.77428571837289
2012-03-02|3.062500014901161
2012-03-03|9.384782511255015
2012-03-04|5.643749959766865
2012-03-05|2.9499999769032
2012-03-06|1.021875023841858
2012-03-07|7.3687500432133675
2012-03-08|11.075000017881393
2012-03-09|7.599999971687794
2012-03-10|2.487499989569187
2012-03-11|6.946666725476583
2012-03-12|9.671874970197678
2012-03-13|11.605405395095413
2012-03-14|16.11250004172325
2012-03-15|7.48285710471017
2012-03-16|7.363829704041176
2012-03-17|8.322641489640722
2012-03-18|8.995454571463846
2012-03-19|12.193939497976592
2012-03-20|13.69230761894813
2012-03-21|13.980701747693514
2012-03-22|14.035849121381652
2012-03-23|16.78484850218802
2012-03-24|12.965624928474426
2012-03-25|8.797297245747334
2012-03-26|9.093749985098839
2012-03-27|4.821874987334013
2012-03-28|11.139393864255963
2012-03-29|12.678124994039536
2012-03-30|7.97812494635582
2012-03-31|5.294999980926514
2012-04-01|7.68857137135097
2012-04-02|9.202941137201647
2012-04-03|11.431249991059303
2012-04-04|15.859375089406967
2012-04-05|9.69062489271164
2012-04-06|9.103124924004078
2012-04-07|10.943750023841858
2012-04-08|13.806249916553497
2012-04-09|14.156250178813934
2012-04-10|12.381818222277092
2012-04-11|9.34242432045214
2012-04-12|11.299999982118607
2012-04-13|11.49062505364418
2012-04-14|13.537499964237213
2012-04-15|16.990625083446503
2012-04-16|17.32812488079071
2012-04-17|21.475000202655792
2012-04-18|13.456250101327896
2012-04-19|12.309090932210287
2012-04-20|13.93783778113288
2012-04-21|14.412244835678411
2012-04-22|10.814285709744407
2012-04-23|10.672340514812063
2012-04-24|9.852631531263652
2012-04-25|11.121875002980232
2012-04-26|10.942857072466897
2012-04-27|10.72432430370434
2012-04-28|9.184374898672104
2012-04-29|12.559375017881393
2012-04-30|10.728125110268593
2012-05-01|14.476086968960969
2012-05-02|11.345454692840576
2012-05-03|11.809756232471
2012-05-04|14.222727168690074
2012-05-05|13.709756037084068
2012-05-06|13.400000095367432
2012-05-07|12.800000075137977
2012-05-08|14.615625113248825
2012-05-09|15.45434794218644
2012-05-10|15.591891804256955
2012-05-11|16.084375113248825
2012-05-12|17.618750125169754
2012-05-13|18.55000013113022
2012-05-14|17.753124952316284
2012-05-15|16.480769560887264
2012-05-16|17.706666819254558
2012-05-17|17.825000077486038
2012-05-18|15.86874994635582
2012-05-19|17.34242433490175
2012-05-20|19.29705861035515
2012-05-21|16.829412161135206
2012-05-22|17.8116279424623
2012-05-23|19.34749984741211
2012-05-24|17.958333174387615
2012-05-25|19.051111263699003
2012-05-26|20.62682933342166
2012-05-27|22.09687513113022
2012-05-28|23.86875009536743
2012-05-29|24.31944449742635
2012-05-30|22.368749916553497
2012-05-31|22.12249994277954
2012-06-01|18.573529580060175
2012-06-02|20.15227257121693
2012-06-03|19.897058823529413
2012-06-04|15.61764694662655
2012-06-05|14.860606222441703
2012-06-06|16.7147058318643
2012-06-07|19.593750059604645
2012-06-08|21.075000047683716
2012-06-09|22.251515301791105
2012-06-10|22.428125083446503
2012-06-11|20.29374986886978
2012-06-12|19.546341221507003
2012-06-13|19.345999794006346
2012-06-14|19.594871716621594
2012-06-15|20.427272854429305
2012-06-16|19.46363639831543
2012-06-17|17.830769318800705
2012-06-18|16.5810810553061
2012-06-19|19.530555778079563
2012-06-20|26.943750262260437
2012-06-21|31.012500047683716
2012-06-22|26.568420962283486
2012-06-23|24.963157854582136
2012-06-24|23.643750071525574
2012-06-25|20.634782625281293
2012-06-26|19.400000154972076
2012-06-27|23.662499964237213
2012-06-28|25.14375001192093
2012-06-29|26.676470700432272
2012-06-30|29.08484834613222
2012-07-01|27.923529456643497
2012-07-02|27.681249797344208
2012-07-03|26.24062490463257
2012-07-04|26.196969465775922
2012-07-05|29.859375059604645
2012-07-06|26.24062490463257
2012-07-07|29.203125
2012-07-08|26.808571297781807
2012-07-09|25.134374976158142
2012-07-10|24.546875178813934
2012-07-11|24.518749952316284
2012-07-12|24.428125083446503
2012-07-13|25.26250022649765
2012-07-14|26.318749845027924
2012-07-15|25.808571025303433
2012-07-16|26.75312465429306
2012-07-17|28.624999940395355
2012-07-18|27.85897426116161
2012-07-19|23.688888549804688
2012-07-20|19.312500047683717
2012-07-21|20.603124797344208
2012-07-22|22.665624856948853
2012-07-23|24.635294353260715
2012-07-24|28.63437521457672
2012-07-25|25.009374976158142
2012-07-26|24.811627631963685
2012-07-27|26.928124725818634
2012-07-28|24.00952389126732
2012-07-29|22.51351346196355
2012-07-30|22.617500066757202
2012-07-31|23.097143064226422
2012-08-01|24.249999909173873
2012-08-02|25.66874986886978
2012-08-03|26.332432360262484
2012-08-04|26.437142835344588
2012-08-05|26.84444457160102
2012-08-06|26.63142841884068
2012-08-07|23.99375009536743
2012-08-08|25.394285583496092
2012-08-09|25.852940952076633
2012-08-10|25.02916689713796
2012-08-11|25.910810779880833
2012-08-12|26.0742856161935
2012-08-13|25.948484767567027
2012-08-14|24.6235294342041
2012-08-15|24.261224435300242
2012-08-16|24.87352965859806
2012-08-17|25.294285692487446
2012-08-18|21.79729734884726
2012-08-19|21.337499797344208
2012-08-20|22.18437498807907
2012-08-21|23.24375021457672
2012-08-22|23.756250202655792
2012-08-23|23.68125021457672
2012-08-24|24.443750023841858
2012-08-25|24.50312489271164
2012-08-26|22.943750143051147
2012-08-27|23.84634166810571
2012-08-28|26.33611101574368
2012-08-29|23.093939405499082
2012-08-30|23.390624821186066
2012-08-31|26.009375035762787
2012-09-01|26.59062486886978
2012-09-02|24.064999866485596
2012-09-03|22.59473675175717
2012-09-04|23.633333430570715
2012-09-05|25.532608737116274
2012-09-06|23.246874928474426
2012-09-07|24.74687498807907
2012-09-08|24.70612230106276
2012-09-09|21.087499618530273
2012-09-10|19.428125023841858
2012-09-11|17.803124964237213
2012-09-12|20.359375059604645
2012-09-13|20.77187490463257
2012-09-14|21.228124797344208
2012-09-15|20.415624916553497
2012-09-16|19.043750166893005
2012-09-17|19.665625035762787
2012-09-18|22.612499912579853
2012-09-19|19.013158045317
2012-09-20|16.75312489271164
2012-09-21|17.63437521457672
2012-09-22|19.713513503203522
2012-09-23|17.962499856948853
2012-09-24|15.831250071525574
2012-09-25|17.721874982118607
2012-09-26|20.446874856948853
2012-09-27|20.624999821186066
2012-09-28|20.279591852304886
2012-09-29|16.656756993886585
2012-09-30|16.82812511920929
2012-10-01|17.031250059604645
2012-10-02|18.85749969482422
2012-10-03|20.374468052640875
2012-10-04|20.7941177592558
2012-10-05|20.690624952316284
2012-10-06|19.409090706796356
2012-10-07|11.629411809584674
2012-10-08|10.803124994039536
2012-10-09|13.374999869953502
2012-10-10|15.551020330312301
2012-10-11|12.490624904632568
2012-10-12|11.493750005960464
2012-10-13|8.206249989569187
2012-10-14|16.15937501192093
2012-10-15|18.248717821561375
2012-10-16|13.509375095367432
2012-10-17|11.05312493443489
2012-10-18|13.741176633273854
2012-10-19|18.201754185191373
2012-10-20|16.864814828943324
2012-10-21|14.715625017881393
2012-10-22|15.784374952316284
2012-10-23|14.828125059604645
2012-10-24|14.88974351149339
2012-10-25|14.775000190734863
2012-10-26|16.38611104753282
2012-10-27|16.64117661644431
2012-10-28|14.419444296095106
2012-10-29|14.371739159459652
2012-10-30|13.154054048899058
2012-10-31|8.971874952316284
2012-11-01|9.071875035762787
2012-11-02|9.446874856948853
2012-11-03|7.521874904632568
2012-11-04|7.117647100897396
2012-11-05|5.299999967217445
2012-11-06|3.124999977648258
2012-11-07|2.3756097642386833
2012-11-08|3.623529388624079
2012-11-09|6.549999989569187
2012-11-10|8.900000005960464
2012-11-11|11.32187494635582
2012-11-12|13.396363795887341
2012-11-13|9.897959105822505
2012-11-14|5.4624999687075615
2012-11-15|4.37187497317791
2012-11-16|5.300000041723251
2012-11-17|6.737499989569187
2012-11-18|6.328124932944775
2012-11-19|6.272222287125057
2012-11-20|6.662499979138374
2012-11-21|7.828124940395355
2012-11-22|7.231250002980232
2012-11-23|7.235135175086357
2012-11-24|5.828124925494194
2012-11-25|3.125000022351742
2012-11-26|5.2593750059604645
2012-11-27|3.292499989271164
2012-11-28|3.1676470672383026
2012-11-29|3.940625000745058
2012-11-30|4.687499992549419
2012-12-01|5.267567544370084
2012-12-02|7.164444340599908
2012-12-03|11.334375143051147
2012-12-04|10.921276620093812
2012-12-05|9.596875123679638
2012-12-06|1.6656250208616257
2012-12-07|5.157500079274177
2012-12-08|8.799999912579855
2012-12-09|7.232608629309612
2012-12-10|11.04310339894788
2012-12-11|8.4621621080347
2012-12-12|4.53870964050293
2012-12-13|4.293750010430813
2012-12-14|5.240624964237213
2012-12-15|5.249999947845936
2012-12-16|7.654999947547912
2012-12-17|6.551351225053942
2012-12-18|9.227659550118954
2012-12-19|6.665624901652336
2012-12-20|4.999999990588741
2012-12-21|8.99777783287896
2012-12-22|3.2470588333466472
2012-12-23|3.7593749836087227
2012-12-24|2.5942857469831195
2012-12-25|3.2050000071525573
2012-12-26|0.994285706111363
2012-12-27|3.7710526177757666
2012-12-28|0.9062500074505806
2012-12-29|0.7071428611165002
2013-01-01|3.160606106122335
2013-01-02|-1.953125011175871
2013-01-03|-1.1343750022351742
2013-01-04|1.377419367913277
2013-01-05|2.6187499836087227
2013-01-06|3.542499977350235
2013-01-07|4.71875000372529
2013-01-08|4.084374982863665
2013-01-09|5.681250017136335
2013-01-10|6.6718748807907104
2013-01-11|5.313513494826652
2013-01-12|7.275555494096544
2013-01-13|6.977358485167882
2013-01-14|10.14166663090388
2013-01-15|3.171875014901161
2013-01-16|1.8928571513720922
2013-01-17|4.709375008940697
2013-01-18|-1.2875000163912773
2013-01-19|4.846875000745058
2013-01-20|6.868750032037497
2013-01-21|-1.2815789580345154
2013-01-22|-5.984374947845936
2013-01-23|-9.112500011920929
2013-01-24|-7.615624979138374
2013-01-25|-7.221428507850284
2013-01-26|-6.078124932944775
2013-01-27|-2.8249999433755875
2013-01-28|0.008888888359069824
2013-01-29|4.53157893607491
2013-01-30|8.264814765365035
2013-01-31|7.5810811165216805
2013-02-01|-1.6437500268220901
2013-02-02|-3.7588235245031467
2013-02-03|-2.8804878374425376
2013-02-04|-2.162500027567148
2013-02-05|-1.1860465365786885
2013-02-06|0.9763157995123612
2013-02-07|-1.4848484920732903
2013-02-08|0.8270833492279053
2013-02-09|-2.458974364476326
2013-02-10|-3.6749999970197678
2013-02-11|5.088888874129643
2013-02-12|5.34545451222044
2013-02-13|2.3294117836391224
2013-02-14|3.1222222083144717
2013-02-15|4.556249983608723
2013-02-16|2.5388889147175684
2013-02-17|-2.309375010430813
2013-02-18|-3.1437500081956387
2013-02-19|4.47435892239595
2013-02-20|-0.06874999776482582
2013-02-21|-1.5741935506943734
2013-02-22|0.324242429299788
2013-02-23|4.333333308880146
2013-02-24|4.318421034436477
2013-02-25|3.8999999910593033
2013-02-26|3.3352940994150497
2013-02-27|7.69361697359288
2013-02-28|6.678124934434891
2013-03-01|4.781249955296516
2013-03-02|2.6125000305473804
2013-03-03|0.8250000104308128
2013-03-04|1.474999975413084
2013-03-05|3.6562499552965164
2013-03-06|4.15263159024088
2013-03-07|1.9365853943475864
2013-03-08|1.2111111270056831
2013-03-09|6.009374972432852
2013-03-10|3.1687499918043613
2013-03-11|7.0487805343255765
2013-03-12|9.24651159242142
2013-03-13|6.8562499433755875
2013-03-14|2.4250000156462193
2013-03-15|3.2031250074505806
2013-03-16|2.1704545481638475
2013-03-17|1.2562500052154064
2013-03-18|0.126829281085875
2013-03-19|3.559999993443489
2013-03-20|4.187499951571226
2013-03-21|1.1472222374545202
2013-03-22|1.9062500186264515
2013-03-23|4.221875015646219
2013-03-24|3.8624999970197678
2013-03-25|2.9068181704391134
2013-03-26|6.199999932086829
2013-03-27|7.168750025331974
2013-03-28|6.987499877810478
2013-03-29|8.809374928474426
2013-03-30|8.163636323177453
2013-03-31|7.037142760413033
2013-04-01|9.12368426824871
2013-04-02|3.9437499716877937
2013-04-03|4.318750016391277
2013-04-04|3.921874977648258
2013-04-05|9.603030334819447
2013-04-06|5.340624995529652
2013-04-07|7.015624932944775
2013-04-08|11.850000023841858
2013-04-09|17.668749928474426
2013-04-10|14.649999936421713
2013-04-11|11.961702143892328
2013-04-12|6.549999895095826
2013-04-13|7.458333320087856
2013-04-14|10.89687505364418
2013-04-15|8.728125050663948
2013-04-16|10.667647053213681
2013-04-17|14.250000026490953
2013-04-18|10.897142955235072
2013-04-19|13.43731340721472
2013-04-20|12.678947398537083
2013-04-21|7.172727223598596
2013-04-22|7.678125061094761
2013-04-23|7.622857148306711
2013-04-24|9.918918906031427
2013-04-25|12.128125071525574
2013-04-26|12.325000077486038
2013-04-27|12.503125011920929
2013-04-28|11.96250006556511
2013-04-29|11.79999989271164
2013-04-30|13.144117916331572
2013-05-01|12.006250143051147
2013-05-02|12.209375083446503
2013-05-03|11.834374964237213
2013-05-04|11.559374958276749
2013-05-05|9.947058817919563
2013-05-06|11.292683066391364
2013-05-07|14.74864874659358
2013-05-08|15.715384776775654
2013-05-09|15.131111102634007
2013-05-10|17.443750113248825
2013-05-11|15.934782898944357
2013-05-12|16.834375113248825
2013-05-13|11.125000059604645
2013-05-14|10.86875006556511
2013-05-15|13.550000160932541
2013-05-16|17.71875011920929
2013-05-17|18.337499916553497
2013-05-18|14.662500083446503
2013-05-19|13.689361551974683
2013-05-20|16.8175000667572
2013-05-21|19.026530557749222
2013-05-22|18.333333287920272
2013-05-23|17.866666868621227
2013-05-24|14.402500081062318
2013-05-25|9.836363647923324
2013-05-26|14.331249862909317
2013-05-27|15.221874833106995
2013-05-28|14.64857131413051
2013-05-29|17.419999837875366
2013-05-30|22.399999678134918
2013-05-31|23.134374856948853
2013-06-01|21.334374725818634
2013-06-02|19.818749964237213
2013-06-03|19.495833198229473
2013-06-04|19.240625023841858
2013-06-05|18.125000178813934
2013-06-06|16.89523814973377
2013-06-07|16.327659891006796
2013-06-08|18.299999946771667
2013-06-09|21.18749964237213
2013-06-10|18.61428533281599
2013-06-11|21.59791660308838
2013-06-12|22.146875083446503
2013-06-13|17.760975302719487
2013-06-14|15.90789468664872
2013-06-15|21.443750023841858
2013-06-16|21.46562486886978
2013-06-17|22.717647215899298
2013-06-18|20.931578836942975
2013-06-19|19.527777618832058
2013-06-20|19.45625013113022
2013-06-21|20.038709578975553
2013-06-22|20.20625001192093
2013-06-23|22.14848483692516
2013-06-24|25.212820688883465
2013-06-25|26.653125166893005
2013-06-26|25.84705863279455
2013-06-27|24.567499780654906
2013-06-28|24.05714280264718
2013-06-29|23.48235309825224
2013-06-30|22.948076871725227
2013-07-01|22.768965556703765
2013-07-02|22.974000091552735
2013-07-03|23.54571418762207
2013-07-04|25.25641001187838
2013-07-05|26.14062476158142
2013-07-06|27.84062486886978
2013-07-07|28.315151503591828
2013-07-08|26.899999916553497
2013-07-09|25.90624988079071
2013-07-10|25.16923063229292
2013-07-11|25.714285496303013
2013-07-12|23.617073198644125
2013-07-13|24.521428698585147
2013-07-14|26.337837786287874
2013-07-15|29.91249990463257
2013-07-16|30.71250033378601
2013-07-17|30.13750022649765
2013-07-18|30.462499856948853
2013-07-19|30.14062511920929
2013-07-20|29.627777947319878
2013-07-21|27.184375047683716
2013-07-22|25.6173911301986
2013-07-23|26.107142675490607
2013-07-24|27.009375035762787
2013-07-25|19.194285365513394
2013-07-26|21.515789383336116
2013-07-27|23.196969985961914
2013-07-28|22.705555386013454
2013-07-29|24.775675747845625
2013-07-30|24.684375047683716
2013-07-31|23.848387195217995
2013-08-01|21.96410276950934
2013-08-02|24.31714314052037
2013-08-03|23.27187478542328
2013-08-04|23.90312510728836
2013-08-05|21.959375023841858
2013-08-06|22.54374998807907
2013-08-07|23.25882361916935
2013-08-08|23.369767344275186
2013-08-09|24.471052470960114
2013-08-10|25.86249989271164
2013-08-11|22.765624940395355
2013-08-12|22.941666709052193
2013-08-13|22.34666675991482
2013-08-14|21.14375001192093
2013-08-15|20.546874940395355
2013-08-16|21.593548190209173
2013-08-17|22.16875010728836
2013-08-18|21.740625023841858
2013-08-19|22.04687476158142
2013-08-20|24.150000035762787
2013-08-21|25.07187509536743
2013-08-22|23.525640634390022
2013-08-23|24.571874916553497
2013-08-24|21.584848403930664
2013-08-25|22.368750035762787
2013-08-26|23.500000178813934
2013-08-27|25.466666486528183
2013-08-28|24.518750071525574
2013-08-29|23.351282364282852
2013-08-30|23.42432455114416
2013-08-31|24.38108103984111
2013-09-01|24.454347610473633
2013-09-02|24.499999751215395
2013-09-03|24.537777540418837
2013-09-04|23.418750047683716
2013-09-05|22.98437523841858
2013-09-06|18.11250001192093
2013-09-07|19.74687510728836
2013-09-08|23.184374928474426
2013-09-09|18.3791667620341
2013-09-10|23.116666793823242
2013-09-11|25.44062477350235
2013-09-12|23.555262967159873
2013-09-13|22.050000071525574
2013-09-14|16.306249916553497
2013-09-15|16.528124898672104
2013-09-16|18.665624797344208
2013-09-17|14.384375005960464
2013-09-18|15.593750149011612
2013-09-19|17.831249862909317
2013-09-20|18.87187498807907
2013-09-21|19.69729737977724
2013-09-22|18.869444423251682
2013-09-23|14.884375005960464
2013-09-24|15.846874922513962
2013-09-25|16.909375101327896
2013-09-26|16.78749993443489
2013-09-27|16.159374833106995
2013-09-28|17.940625220537186
2013-09-29|16.362499982118607
2013-09-30|16.428125083446503
2013-10-01|20.003125071525574
2013-10-02|22.446874976158142
2013-10-03|21.156249940395355
2013-10-04|21.199999809265137
2013-10-05|20.02894707729942
2013-10-06|19.17560949558165
2013-10-07|20.62340415792262
2013-10-08|16.34687504172325
2013-10-09|14.899999976158142
2013-10-10|15.45000000560985
2013-10-11|17.88285724094936
2013-10-12|18.458823765025418
2013-10-13|15.92424236644398
2013-10-14|13.525000214576721
2013-10-15|14.675000011920929
2013-10-16|15.769444465637207
2013-10-17|17.936170415675388
2013-10-18|17.49117643692914
2013-10-19|14.668571635654994
2013-10-20|14.605882364160875
2013-10-21|14.281250089406967
2013-10-22|15.618181777722908
2013-10-23|10.418750017881393
2013-10-24|8.746874988079071
2013-10-25|8.034374982118607
2013-10-26|8.643749959766865
2013-10-27|11.181249976158142
2013-10-28|10.515624985098839
2013-10-29|10.109375
2013-10-30|11.509375035762787
2013-10-31|15.475000301996866
2013-11-01|17.370588302612305
2013-11-02|15.484375
2013-11-03|8.987878799438477
2013-11-04|4.681250020861626
2013-11-05|8.553125083446503
2013-11-06|12.305714198521205
2013-11-07|13.962000122070313
2013-11-08|7.687499836087227
2013-11-09|7.368749812245369
2013-11-10|10.69687506556511
2013-11-11|9.637500077486038
2013-11-12|3.8142857608341036
2013-11-13|1.3593750074505806
2013-11-14|6.071874983608723
2013-11-15|7.309375077486038
2013-11-16|9.684374988079071
2013-11-17|13.230769267449013
2013-11-18|15.183783660063872
2013-11-19|7.41249992698431
2013-11-20|2.9406249970197678
2013-11-21|6.870588344686172
2013-11-22|11.31904765537807
2013-11-23|6.988571408816746
2013-11-24|-2.6031250208616257
2013-11-25|-1.1968750171363354
2013-11-26|3.9305555588669248
2013-11-27|9.86170213273231
2013-11-28|0.8093750216066837
2013-11-29|1.5718750208616257
2013-11-30|0.5848484797911211
2013-12-01|6.079411710009856
2013-12-02|6.515624970197678
2013-12-03|6.612903271951983
2013-12-04|6.971874937415123
2013-12-05|11.43999997919256
2013-12-06|8.647999939918519
2013-12-07|3.268421044475154
2013-12-08|-0.5512820604519967
2013-12-09|3.0826087205306343
2013-12-10|1.4577777862548829
2013-12-11|-0.928125012665987
2013-12-12|-3.3562500439584255
2013-12-13|-1.0062500052154064
2013-12-14|-2.2250000009169946
2013-12-15|3.9128205317717333
2013-12-16|-1.2187500074505806
2013-12-17|-2.025490206830642
2013-12-18|-0.5969697056394635
2013-12-19|3.024999972432852
2013-12-20|6.528124965727329
2013-12-21|9.218749925494194
2013-12-22|12.746666632758247
2013-12-23|11.455932132268357
2013-12-24|2.9727272806745586
2013-12-25|-3.446874987334013
2013-12-26|0.8472222288449606
2013-12-27|2.4312500320374966
2013-12-28|5.656249966472387
2013-12-30|0.30937500670552254
2013-12-31|1.2062499932944775
2014-01-01|-1.230303041862719
2014-01-02|-2.2849999994039534
2014-01-03|-9.997500014305114
2014-01-04|-7.424999989569187
2014-01-05|1.4354166487852733
2014-01-06|7.48695649271426
2014-01-07|-11.912499889731407
2014-01-08|-8.565624877810478
2014-01-09|-2.746875036507845
2014-01-10|1.2959183576155682
2014-01-11|9.611666659514109
2014-01-12|7.2657142162323
2014-01-13|5.109374925494194
2014-01-14|7.763414603907887
2014-01-15|3.3740000200271605
2014-01-16|4.452000002861023
2014-01-17|2.899999976158142
2014-01-18|3.0261904909497215
2014-01-19|-0.2812499962747097
2014-01-20|4.503124982118607
2014-01-21|-6.404166646301746
2014-01-22|-10.81714289528983
2014-01-23|-9.609374970197678
2014-01-24|-8.987500131130219
2014-01-25|-3.5
2014-01-26|-4.812121145653002
2014-01-27|1.4374999925494194
2014-01-28|-7.453124865889549
2014-01-29|-7.31714277267456
2014-01-30|-5.33437505364418
2014-01-31|0.12647059384514303
2014-02-01|2.5151515115391123
2014-02-02|4.388095225606646
2014-02-03|1.0113636336543343
2014-02-04|-1.7181818268515847
2014-02-05|0.4945454640821977
2014-02-06|-2.325000024504132
2014-02-07|-1.8812500201165676
2014-02-08|-3.325000010430813
2014-02-09|-3.30249999165535
2014-02-10|-3.6625000163912773
2014-02-11|-5.990624979138374
2014-02-12|-6.803030317479914
2014-02-13|0.42448981440797146
2014-02-14|2.202631611573069
2014-02-15|0.66
2014-02-16|-3.4187500290572643
2014-02-17|-4.193749945610762
2014-02-18|1.2068181877786464
2014-02-19|2.823076938971495
2014-02-20|4.003030339876811
2014-02-21|4.846808469041865
2014-02-22|5.587500035762787
2014-02-23|7.531249962747097
2014-02-24|2.738235312349656
2014-02-25|-1.5218749903142452
2014-02-26|-2.5404762001264665
2014-02-27|-3.517142823764256
2014-02-28|-7.784374997019768
2014-03-01|-2.071874964982271
2014-03-02|2.6374999955296516
2014-03-03|-4.902777708239025
2014-03-04|-5.912499979138374
2014-03-05|-0.09062499180436134
2014-03-06|-4.03124999627471
2014-03-07|-0.07142855780465263
2014-03-08|7.336363557613257
2014-03-09|5.649999944368998
2014-03-10|5.1885714394705635
2014-03-11|10.112499915063381
2014-03-12|8.340476229077293
2014-03-13|-2.7352941211532142
2014-03-14|-0.09687500447034836
2014-03-15|9.706249944865704
2014-03-16|2.740625001490116
2014-03-17|-1.317647050408756
2014-03-18|0.8096774393512357
2014-03-19|3.130555533700519
2014-03-20|8.241463358809309
2014-03-21|7.3499999940395355
2014-03-22|9.512121160825094
2014-03-23|4.821874976158142
2014-03-24|-1.8343750052154064
2014-03-25|-0.009375013411045074
2014-03-26|1.0250000096857548
2014-03-27|-0.5093750357627869
2014-03-28|6.853124916553497
2014-03-29|8.387179313561855
2014-03-30|8.966666628917059
2014-03-31|5.700000053498803
2014-04-01|7.203124985098839
2014-04-02|6.250000007450581
2014-04-03|9.646874979138374
2014-04-04|6.081081003756137
2014-04-05|8.312820495703281
2014-04-06|6.899999943646518
2014-04-07|7.352631493618614
2014-04-08|11.586956418078879
2014-04-09|11.81875005364418
2014-04-10|8.690624967217445
2014-04-11|13.487499862909317
2014-04-12|14.081249982118607
2014-04-13|12.89142848423549
2014-04-14|13.314705988940071
2014-04-15|11.290196072821523
2014-04-16|4.208333293596904
2014-04-17|5.075000010430813
2014-04-18|4.538235243629007
2014-04-19|11.387499928474426
2014-04-20|9.76875002682209
2014-04-21|9.181249938905239
2014-04-22|11.718750059604645
2014-04-23|12.471874982118607
2014-04-24|11.506250068545341
2014-04-25|10.740624874830246
2014-04-26|10.427083214124044
2014-04-27|11.81562489271164
2014-04-28|12.024242545619156
2014-04-29|8.565714127676827
2014-04-30|7.795121902372779
2014-05-01|13.893617061858482
2014-05-02|16.530302972504586
2014-05-03|14.399999965320934
2014-05-04|14.642424207745176
2014-05-05|15.669696923458215
2014-05-06|15.581818147139115
2014-05-07|13.803125202655792
2014-05-08|12.639473664133172
2014-05-09|14.919607929154939
2014-05-10|16.93207542851286
2014-05-11|19.90624988079071
2014-05-12|19.18437498807907
2014-05-13|16.734375178813934
2014-05-14|13.810000228881837
2014-05-15|17.65333349439833
2014-05-16|17.627083381017048
2014-05-17|16.61428576878139
2014-05-18|16.066666660886824
2014-05-19|16.760606014367305
2014-05-20|19.384848392370976
2014-05-21|20.296874940395355
2014-05-22|15.176744283631791
2014-05-23|16.347826045492422
2014-05-24|15.936841864334909
2014-05-25|18.24166663487752
2014-05-26|22.634374856948853
2014-05-27|24.075000047683716
2014-05-28|15.383333338631523
2014-05-29|13.418181881760106
2014-05-30|16.681250035762787
2014-05-31|17.07500010728836
2014-06-01|18.15624988079071
2014-06-02|18.978124916553497
2014-06-03|21.165624976158142
2014-06-04|20.121052440844085
2014-06-05|19.669047491891043
2014-06-06|20.98749989271164
2014-06-07|21.750000178813934
2014-06-08|22.537499964237213
2014-06-09|19.26808495217181
2014-06-10|21.499999917071797
2014-06-11|18.864999866485597
2014-06-12|19.788095383417037
2014-06-13|21.101923135610726
2014-06-14|21.31052629571212
2014-06-15|21.631250262260437
2014-06-16|21.53437477350235
2014-06-17|23.409375190734863
2014-06-18|28.409375071525574
2014-06-19|22.91874986886978
2014-06-20|23.471875190734863
2014-06-21|20.62812501192093
2014-06-22|20.524999856948853
2014-06-23|21.912500083446503
2014-06-24|21.921874940395355
2014-06-25|22.912765989912316
2014-06-26|25.333333235520584
2014-06-27|22.167567639737516
2014-06-28|23.631249964237213
2014-06-29|22.506250143051147
2014-06-30|23.109375059604645
2014-07-01|24.69062501192093
2014-07-02|25.027906905773076
2014-07-03|24.878048594405012
2014-07-04|21.797368400975277
2014-07-05|23.612121119643703
2014-07-06|23.56451625208701
2014-07-07|24.587097044914
2014-07-08|25.81562477350235
2014-07-09|24.650000035762787
2014-07-10|24.067646980285645
2014-07-11|24.176470644333783
2014-07-12|22.1941177704755
2014-07-13|22.856250047683716
2014-07-14|24.084090839732777
2014-07-15|23.34230760427622
2014-07-16|23.409302511880565
2014-07-17|23.678125023841858
2014-07-18|23.593750059604645
2014-07-19|22.77812510728836
2014-07-20|22.20294122134938
2014-07-21|23.131250143051147
2014-07-22|24.371875047683716
2014-07-23|25.11470598333022
2014-07-24|25.232352873858282
2014-07-25|23.856249928474426
2014-07-26|23.365625143051147
2014-07-27|24.717142868041993
2014-07-28|24.755263127778704
2014-07-29|22.09687489271164
2014-07-30|22.34062498807907
2014-07-31|23.356250166893005
2014-08-01|23.92058821285472
2014-08-02|21.004761968340194
2014-08-03|21.18648637307657
2014-08-04|23.636842326114053
2014-08-05|25.237499833106995
2014-08-06|25.19999993642171
2014-08-07|24.736666679382324
2014-08-08|23.42499977350235
2014-08-09|24.684374749660492
2014-08-10|25.44062477350235
2014-08-11|24.578125059604645
2014-08-12|24.03529380349552
2014-08-13|23.470212774073826
2014-08-14|22.40624988079071
2014-08-15|20.793750286102295
2014-08-16|21.79999965429306
2014-08-17|24.021875143051147
2014-08-18|22.724999964237213
2014-08-19|22.1794116637286
2014-08-20|22.996875166893005
2014-08-21|23.441176582785214
2014-08-22|21.789743716900166
2014-08-23|20.972222328186035
2014-08-24|21.223529366885913
2014-08-25|24.206249833106995
2014-08-26|23.954285703386578
2014-08-27|24.493749976158142
2014-08-28|24.77812486886978
2014-08-29|21.159374833106995
2014-08-30|22.18749964237213
2014-08-31|25.153845909314278
2014-09-01|25.67941171982709
2014-09-02|27.587499797344208
2014-09-03|26.353124916553497
2014-09-04|24.84375
2014-09-05|24.957894676610042
2014-09-06|26.032432401502454
2014-09-07|22.64166678322686
2014-09-08|21.246874809265137
2014-09-09|21.1054051373456
2014-09-10|20.51764695784625
2014-09-11|23.694594821414434
2014-09-12|21.091176313512467
2014-09-13|18.202380997794016
2014-09-14|16.893750101327896
2014-09-15|17.484375029802322
2014-09-16|17.442857033865792
2014-09-17|18.090909177606758
2014-09-18|19.568750023841858
2014-09-19|16.44062501192093
2014-09-20|19.305128219800118
2014-09-21|21.73636362769387
2014-09-22|19.84375023841858
2014-09-23|15.675000101327896
2014-09-24|17.965625017881393
2014-09-25|16.905555884043377
2014-09-26|19.50312513113022
2014-09-27|21.41562509536743
2014-09-28|20.903124928474426
2014-09-29|20.793749928474426
2014-09-30|19.294871599246296
2014-10-01|17.45714282989502
2014-10-02|17.45757600032922
2014-10-03|16.638235428754022
2014-10-04|18.73421031550357
2014-10-05|12.374999940395355
2014-10-06|15.31515138799494
2014-10-07|20.024999916553497
2014-10-08|20.328124821186066
2014-10-09|17.074999928474426
2014-10-10|15.181250154972076
2014-10-11|12.797435907217173
2014-10-12|12.577419434824298
2014-10-13|14.957894626416659
2014-10-14|20.54545442985766
2014-10-15|21.778947428653115
2014-10-16|20.10392162846584
2014-10-17|18.172727353645094
2014-10-18|17.95937544107437
2014-10-19|12.00937494635582
2014-10-20|10.96562497317791
2014-10-21|15.037500113248825
2014-10-22|13.18749988079071
2014-10-23|11.43076930901943
2014-10-24|12.975000083446503
2014-10-25|14.712500184774399
2014-10-26|15.200000069358133
2014-10-27|13.815625101327896
2014-10-28|15.384375125169754
2014-10-29|16.734375
2014-10-30|11.836363590124881
2014-10-31|10.481818228056937
2014-11-01|8.17499992582533
2014-11-02|6.937142726353237
2014-11-03|10.121875032782555
2014-11-04|14.465624988079071
2014-11-05|14.53437489271164
2014-11-06|10.771739130434783
2014-11-07|9.297058806699866
2014-11-08|6.396875001490116
2014-11-09|10.021875113248825
2014-11-10|9.978124916553497
2014-11-11|13.135000109672546
2014-11-12|14.996078491210938
2014-11-13|6.494117624619427
2014-11-14|4.163888878292507
2014-11-15|3.2218750044703484
2014-11-16|4.387499913573265
2014-11-17|8.317647027034386
2014-11-18|0.5749999955296516
2014-11-19|-1.781250026077032
2014-11-20|4.740624967962503
2014-11-21|0.17499998956918716
2014-11-22|2.628124937415123
2014-11-23|8.912499994039536
2014-11-24|14.960000057220459
2014-11-25|12.374999910593033
2014-11-26|4.559574492434238
2014-11-27|3.0410256202404318
2014-11-28|0.8312500007450581
2014-11-29|1.2468750029802322
2014-11-30|9.737500160932541
2014-12-01|11.34545457724369
2014-12-02|4.760000024523054
2014-12-03|7.56739128154257
2014-12-04|5.037499979138374
2014-12-05|5.991428484235491
2014-12-06|8.681250045696894
2014-12-07|3.6205882535261265
2014-12-08|-0.6176470553173738
2014-12-09|5.5478260620780615
2014-12-10|3.2250000075860457
2014-12-11|1.7781250216066837
2014-12-12|2.1437500156462193
2014-12-13|3.787500027567148
2014-12-14|5.265714263916015
2014-12-15|4.725000008940697
2014-12-16|6.443589684290764
2014-12-17|8.944736781873202
2014-12-18|4.8843750059604645
2014-12-19|2.8000000044703484
2014-12-20|0.5411764839116264
2014-12-21|1.8432432606413558
2014-12-22|5.933333390798325
2014-12-23|8.682051194019806
2014-12-24|10.501851911898013
2014-12-25|10.74102570460393
2014-12-26|6.687499955296516
2014-12-27|7.081249937415123
2014-12-29|6.534883643305579
2014-12-30|3.090625014156103
2014-12-31|-2.493749998509884
2015-01-01|1.2031250037252903
2015-01-02|4.1187499687075615
2015-01-03|3.692500025033951
2015-01-04|9.43600001335144
2015-01-05|3.1062499918043613
2015-01-06|-6.131111028459337
2015-01-07|-6.621874958276749
2015-01-08|-9.29062494635582
2015-01-09|-2.272972980061093
2015-01-10|-6.3062499314546585
2015-01-11|-1.6906249448657036
2015-01-12|2.6466666910383436
2015-01-13|-2.1531249694526196
2015-01-14|-2.8382352415253136
2015-01-15|-0.5272727373874548
2015-01-16|0.6124999821186066
2015-01-17|-4.3062499687075615
2015-01-18|4.518181809512051
2015-01-19|4.149999983608723
2015-01-20|3.5562500283122063
2015-01-21|-0.12187498807907104
2015-01-22|1.8388889067702823
2015-01-23|0.9124999828636646
2015-01-24|2.0234042685082616
2015-01-25|3.315624989569187
2015-01-26|-3.0386363538828762
2015-01-27|-4.434782603512639
2015-01-28|-4.343750029802322
2015-01-29|-2.5088234859354355
2015-01-30|0.6351351448007532
2015-01-31|-6.37187497317791
2015-02-01|-1.117647037786596
2015-02-02|-1.9215686321258545
2015-02-03|-6.306249938905239
2015-02-04|0.7124999687075615
2015-02-05|-1.6444444126553006
2015-02-06|-6.456249967217445
2015-02-07|-0.15882351819206686
2015-02-08|2.7972973134066605
2015-02-09|-2.8431817943399604
2015-02-10|-0.5914285523550851
2015-02-11|-1.9656250178813934
2015-02-12|-0.008333318763309054
2015-02-13|-8.45624989271164
2015-02-14|-3.227777785725064
2015-02-15|-8.126470488660475
2015-02-16|-9.993749961256981
2015-02-17|-6.669230681199294
2015-02-18|-4.432352868949666
2015-02-19|-7.153124965727329
2015-02-20|-11.196875005960464
2015-02-21|-3.513043522834778
2015-02-22|1.5775000154972076
2015-02-23|-3.9281250163912773
2015-02-24|-8.588235301129957
2015-02-25|-1.481249962002039
2015-02-26|-3.164516137492272
2015-02-27|-3.8437499925494194
2015-02-28|-4.981249954551458
2015-03-01|-2.991304337978363
2015-03-02|0.6055555509196388
2015-03-03|-1.188636373389851
2015-03-04|3.0000000427930784
2015-03-05|-1.5185185185185186
2015-03-06|-6.631249949336052
2015-03-07|-2.131249938160181
2015-03-08|4.364516146721378
2015-03-09|6.024999961256981
2015-03-10|5.924324267619365
2015-03-11|9.123255829478419
2015-03-12|7.381249874830246
2015-03-13|2.621875047683716
2015-03-14|7.014893592672145
2015-03-15|6.574999876320362
2015-03-16|5.0093749538064
2015-03-17|8.0093749538064
2015-03-18|1.3968750275671482
2015-03-19|2.0124999955296516
2015-03-20|0.9024390302053312
2015-03-21|2.433333307504654
2015-03-22|4.460606036764203
2015-03-23|0.043750014156103134
2015-03-24|1.0281250029802322
2015-03-25|3.602941162445966
2015-03-26|8.300000001799386
2015-03-27|6.724390239250369
2015-03-28|2.9187500029802322
2015-03-29|1.5124999657273293
2015-03-30|6.205882345928865
2015-03-31|5.762162137675929
2015-04-01|5.9878788427873095
2015-04-02|7.974999953061342
2015-04-03|9.885106370804158
2015-04-04|10.369999980926513
2015-04-05|10.318181955453122
2015-04-06|9.606249958276749
2015-04-07|10.109090747255268
2015-04-08|6.692499911785125
2015-04-09|4.752941145616419
2015-04-10|7.775510145693409
2015-04-11|13.178124994039536
2015-04-12|10.168749988079071
2015-04-13|11.184375047683716
2015-04-14|13.342424277103309
2015-04-15|15.946875184774399
2015-04-16|12.678124904632568
2015-04-17|13.57249994277954
2015-04-18|16.659375071525574
2015-04-19|12.27499994635582
2015-04-20|11.375000036679781
2015-04-21|14.244186024333155
2015-04-22|12.491428647722516
2015-04-23|8.449999928474426
2015-04-24|6.74687497317791
2015-04-25|8.287500008940697
2015-04-26|10.659374922513962
2015-04-27|13.187500178813934
2015-04-28|14.387878880356297
2015-04-29|17.21249982714653
2015-04-30|12.411764761980843
2015-05-01|10.437499970197678
2015-05-02|10.653124988079071
2015-05-03|13.058064460754395
2015-05-04|16.437499910593033
2015-05-05|19.20625001192093
2015-05-06|18.27187493443489
2015-05-07|15.848571532113212
2015-05-08|15.041176515467027
2015-05-09|15.87924547015496
2015-05-10|18.214000053405762
2015-05-11|19.53653852756207
2015-05-12|22.399999835274436
2015-05-13|17.81875017285347
2015-05-14|15.321874886751175
2015-05-15|16.115625113248825
2015-05-16|17.22571427481515
2015-05-17|20.878048780487806
2015-05-18|16.418604518091957
2015-05-19|17.07555537753635
2015-05-20|17.057575861612957
2015-05-21|13.093749940395355
2015-05-22|18.306249976158142
2015-05-23|14.706249862909317
2015-05-24|17.278125196695328
2015-05-25|19.17812490463257
2015-05-26|20.01562476158142
2015-05-27|19.047222402360703
2015-05-28|18.82439027181486
2015-05-29|21.46969679630164
2015-05-30|20.21190475282215
2015-05-31|21.151281992594402
2015-06-01|15.407142979758126
2015-06-02|11.84651172992795
2015-06-03|14.261538309928698
2015-06-04|15.026470577015596
2015-06-05|15.65897428072416
2015-06-06|19.178048808400224
2015-06-07|17.625000178813934
2015-06-08|19.065625309944153
2015-06-09|21.697296967377532
2015-06-10|22.553125083446503
2015-06-11|24.071874916553497
2015-06-12|25.478124797344208
2015-06-13|26.493750154972076
2015-06-14|23.59062486886978
2015-06-15|21.803703802603263
2015-06-16|20.91578940341347
2015-06-17|22.793333371480305
2015-06-18|19.39148915067632
2015-06-19|24.336363474527996
2015-06-20|21.378378636128193
2015-06-21|25.06222241719564
2015-06-22|27.190625071525574
2015-06-23|26.420587988460767
2015-06-24|25.831249952316284
2015-06-25|23.693750023841858
2015-06-26|23.312500178813934
2015-06-27|19.4485714503697
2015-06-28|20.119512046255718
2015-06-29|22.17812490463257
2015-06-30|23.045161278017105
2015-07-01|24.7210525211535
2015-07-02|23.843750178813934
2015-07-03|23.034375250339508
2015-07-04|22.903125166893005
2015-07-05|23.456250071525574
2015-07-06|24.070588448468378
2015-07-07|25.69599983215332
2015-07-08|26.454285648890902
2015-07-09|23.358333004845512
2015-07-10|25.27777756585015
2015-07-11|25.393749594688416
2015-07-12|25.83030284534801
2015-07-13|24.878124713897705
2015-07-14|24.80697662885799
2015-07-15|24.753333155314127
2015-07-16|22.356249809265137
2015-07-17|22.65312486886978
2015-07-18|24.667567381987702
2015-07-19|27.04848486004454
2015-07-20|30.175000250339508
2015-07-21|28.493750154972076
2015-07-22|26.571874976158142
2015-07-23|25.906060536702473
2015-07-24|25.465624928474426
2015-07-25|25.399999678134918
2015-07-26|25.987499952316284
2015-07-27|25.743749737739563
2015-07-28|26.63124990463257
2015-07-29|29.05000001192093
2015-07-30|25.78139540206554
2015-07-31|28.009374856948853
2015-08-01|27.759375035762787
2015-08-02|26.912500083446503
2015-08-03|26.22187489271164
2015-08-04|27.27142846243722
2015-08-05|27.57575763355602
2015-08-06|24.75624990463257
2015-08-07|24.899999849724047
2015-08-08|23.828125059604645
2015-08-09|24.212121269919656
2015-08-10|23.987500250339508
2015-08-11|24.104761714027042
2015-08-12|26.421874940395355
2015-08-13|24.806249916553497
2015-08-14|24.94374990463257
2015-08-15|25.868749856948853
2015-08-16|27.288571384974887
2015-08-17|27.012500047683716
2015-08-18|26.574999928474426
2015-08-19|26.67105263157895
2015-08-20|27.12352954640108
2015-08-21|25.548936153980012
2015-08-22|25.23124998807907
2015-08-23|24.282857295445034
2015-08-24|25.331249833106995
2015-08-25|26.496969627611566
2015-08-26|24.909375190734863
2015-08-27|23.84062510728836
2015-08-28|23.000000059604645
2015-08-29|24.28437501192093
2015-08-30|25.159375071525574
2015-08-31|27.328125
2015-09-01|26.778124928474426
2015-09-02|25.503030256791547
2015-09-03|27.083870918520034
2015-09-04|25.600000054495677
2015-09-05|22.084848577325996
2015-09-06|22.10624998807907
2015-09-07|24.618750274181366
2015-09-08|26.73437488079071
2015-09-09|25.893023246942565
2015-09-10|23.817307508908787
2015-09-11|22.55555560853746
2015-09-12|23.187500047683717
2015-09-13|22.020588369930493
2015-09-14|20.15937501192093
2015-09-15|22.093750059604645
2015-09-16|23.18750011920929
2015-09-17|23.465624928474426
2015-09-18|23.162500143051147
2015-09-19|22.612195224296755
2015-09-20|22.675000031789143
2015-09-21|18.725000202655792
2015-09-22|19.181250274181366
2015-09-23|19.674999952316284
2015-09-24|20.75000011219698
2015-09-25|19.993749618530273
2015-09-26|18.584375262260437
2015-09-27|17.441176554735968
2015-09-28|20.072500133514403
2015-09-29|23.363265407328704
2015-09-30|22.292682740746475
2015-10-01|15.021621729876545
2015-10-02|11.234210616663882
2015-10-03|11.9066668510437
2015-10-04|14.714285550798689
2015-10-05|14.664705669178682
2015-10-06|16.656249910593033
2015-10-07|17.981250047683716
2015-10-08|17.106250017881393
2015-10-09|19.08947367417185
2015-10-10|15.081249862909317
2015-10-11|14.987500101327896
2015-10-12|17.02500006556511
2015-10-13|19.184375286102295
2015-10-14|17.728124976158142
2015-10-15|14.890625149011612
2015-10-16|15.45000010728836
2015-10-17|11.175000011920929
2015-10-18|6.849999986588955
2015-10-19|6.875000052154064
2015-10-20|14.234374970197678
2015-10-21|16.134375035762787
2015-10-22|16.634374916553497
2015-10-23|14.240624964237213
2015-10-24|9.975000068545341
2015-10-25|16.071428625924245
2015-10-26|10.940624982118607
2015-10-27|10.512499839067459
2015-10-28|15.6900000333786
2015-10-29|18.894444518619114
2015-10-30|13.459375113248825
2015-10-31|9.387500032782555
2015-11-01|14.79411787145278
2015-11-02|14.418749928474426
2015-11-03|14.14999994635582
2015-11-04|15.118749916553497
2015-11-05|15.956249793370565
2015-11-06|18.82790676383085
2015-11-07|16.996874779462814
2015-11-08|11.596874982118607
2015-11-09|10.27499994635582
2015-11-10|13.90512813665928
2015-11-11|12.166666689373198
2015-11-12|13.466666607629685
2015-11-13|13.081250101327896
2015-11-14|8.496875047683716
2015-11-15|9.768749922513962
2015-11-16|13.612499952316284
2015-11-17|8.199999943375587
2015-11-18|11.872727076212565
2015-11-19|16.225000262260437
2015-11-20|14.086486481331491
2015-11-21|8.925000011920929
2015-11-22|11.351515134175619
2015-11-23|4.512499958276749
2015-11-24|4.521875016391277
2015-11-25|5.5624999813735485
2015-11-26|9.468749932944775
2015-11-27|11.896969766327828
2015-11-28|11.727027042492017
2015-11-29|6.249999970197678
2015-11-30|5.540624879300594
2015-12-01|9.246341449458425
2015-12-02|10.932692271012526
2015-12-03|10.109677437813051
2015-12-04|8.54062494635582
2015-12-05|6.9781249538064
2015-12-06|7.181250020861626
2015-12-07|8.603124931454659
2015-12-08|7.265789345691078
2015-12-09|8.033333317438762
2015-12-10|12.10625010728836
2015-12-11|11.040476185934883
2015-12-12|13.074999988079071
2015-12-13|14.200000017881393
2015-12-14|13.587499959128243
2015-12-15|15.314706157235538
2015-12-16|9.855263157894736
2015-12-17|13.135555436876086
2015-12-18|9.297222177187601
2015-12-19|3.7562500685453415
2015-12-20|4.300000011920929
2015-12-21|9.20624989271164
2015-12-22|13.06976739750352
2015-12-23|12.45098041085636
2015-12-24|16.052631528753984
2015-12-25|14.960294204599718
2015-12-26|12.332432514912373
2015-12-28|8.662499964237213
2015-12-29|5.015624962747097
2015-12-30|-0.0468750037252903
2015-12-31|-0.8625000230967999
2016-01-01|4.91515149492206
2016-01-02|2.9156250283122063
2016-01-03|4.999999940395355
2016-01-04|-1.5531249530613422
2016-01-05|-6.293750062584877
2016-01-06|-0.13870967588117045
2016-01-07|3.661764656796175
2016-01-08|4.989473640918732
2016-01-09|7.939024297202506
2016-01-10|11.312499916553497
2016-01-11|1.0468750186264515
2016-01-12|1.1968749538064003
2016-01-13|-2.6843750290572643
2016-01-14|-0.23750002309679985
2016-01-15|5.831249952316284
2016-01-16|8.543243227778254
2016-01-17|1.7153846117166371
2016-01-18|-3.02571428503309
2016-01-19|-4.306250020861626
2016-01-20|0.8031249977648258
2016-01-21|0.016129020721681656
2016-01-22|-2.7181818268515845
2016-01-23|-2.0354166701436043
2016-01-24|-2.2764705770155964
2016-01-25|-0.5093749836087227
2016-01-26|4.812499977648258
2016-01-27|5.246874935925007
2016-01-28|1.5312500037252903
2016-01-29|2.9406250305473804
2016-01-30|1.203125
2016-01-31|5.068749938160181
2016-02-01|9.565624922513962
2016-02-02|6.043749988079071
2016-02-03|10.100000002445318
2016-02-04|10.845000004768371
2016-02-05|1.9695652256841245
2016-02-06|0.8343749940395355
2016-02-07|3.293749988079071
2016-02-08|0.5466666539510091
2016-02-09|-0.6526315776925338
2016-02-10|1.625641058652829
2016-02-11|-3.391176462173462
2016-02-12|-5.515625022351742
2016-02-13|-7.324999988079071
2016-02-14|-12.315624952316284
2016-02-15|-3.34418599827345
2016-02-16|8.454347786696061
2016-02-17|3.8272727475021826
2016-02-18|0.6551724137931034
2016-02-19|-0.023529413868399227
2016-02-20|8.73939392783425
2016-02-21|9.6875
2016-02-22|6.145454529559974
2016-02-23|3.9205128107315454
2016-02-24|8.980851066873429
2016-02-25|8.907317021997963
2016-02-26|1.956250000745058
2016-02-27|1.1531250104308128
2016-02-28|6.890624925494194
2016-02-29|9.431249931454659
2016-03-01|7.406060493353642
2016-03-02|7.005714212145124
2016-03-03|-0.11249998956918716
2016-03-04|0.6813953477282857
2016-03-05|1.478125024586916
2016-03-06|3.0937500074505806
2016-03-07|6.603124998509884
2016-03-08|10.084848577325994
2016-03-09|10.906249970197678
2016-03-10|15.559374928474426
2016-03-11|15.458823568680707
2016-03-12|8.95624989271164
2016-03-13|12.951724381282412
2016-03-14|8.140540509610563
2016-03-15|10.06571434565953
2016-03-16|9.838235294117647
2016-03-17|10.668571499415807
2016-03-18|11.221874922513962
2016-03-19|6.040624961256981
2016-03-20|3.4945945868621
2016-03-21|4.205405389940417
2016-03-22|6.3483870567814
2016-03-23|13.617241431926859
2016-03-24|9.02894737845973
2016-03-25|12.344736827047248
2016-03-26|7.03823532777674
2016-03-27|6.82857129233224
2016-03-28|10.01282043946095
2016-03-29|9.662499949336052
2016-03-30|6.421874962747097
2016-03-31|12.009090943769975
2016-04-01|13.517500019073486
2016-04-02|10.74864859194369
2016-04-03|5.099999959652241
2016-04-04|4.824324337211815
2016-04-05|1.1545454516555325
2016-04-06|3.503124915063381
2016-04-07|11.387179448054386
2016-04-08|8.428124979138374
2016-04-09|4.4749999940395355
2016-04-10|4.331249952316284
2016-04-11|9.534374967217445
2016-04-12|10.892105403699373
2016-04-13|7.724999941885471
2016-04-14|8.36874994635582
2016-04-15|9.103124976158142
2016-04-16|10.4212120663036
2016-04-17|11.968750029802322
2016-04-18|15.793749958276749
2016-04-19|17.531250149011612
2016-04-20|13.503030372388436
2016-04-21|12.850000113248825
2016-04-22|16.21875
2016-04-23|17.45000039206611
2016-04-24|12.727272813970393
2016-04-25|12.984375178813934
2016-04-26|12.774359091734274
2016-04-27|9.902941283057718
2016-04-28|10.80312493443489
2016-04-29|10.493749797344208
2016-04-30|10.703124940395355
2016-05-01|8.942499780654908
2016-05-02|10.02500011920929
2016-05-03|11.63404249637685
2016-05-04|10.206666692097981
2016-05-05|10.365789413452148
2016-05-06|9.94878043198004
2016-05-07|10.726829203163705
2016-05-08|12.287754993049466
2016-05-09|16.465625017881393
2016-05-10|13.484374910593033
2016-05-11|15.51874989271164
2016-05-12|16.828125
2016-05-13|14.598113257929963
2016-05-14|17.42000013078962
2016-05-15|12.262499988079071
2016-05-16|12.721874952316284
2016-05-17|14.311764801249785
2016-05-18|14.071875154972076
2016-05-19|14.128125131130219
2016-05-20|16.521875113248825
2016-05-21|14.371875166893005
2016-05-22|15.363636392535586
2016-05-23|16.50312501192093
2016-05-24|18.690625369548798
2016-05-25|22.38787870696097
2016-05-26|22.8125
2016-05-27|20.606249809265137
2016-05-28|21.79687488079071
2016-05-29|21.056097495846632
2016-05-30|20.242222001817492
2016-05-31|21.069230642074192
2016-06-01|22.534374713897705
2016-06-02|18.392105353505986
2016-06-03|18.32051233144907
2016-06-04|20.902777512868244
2016-06-05|20.161538454202507
2016-06-06|22.675675624125713
2016-06-07|23.796969731648762
2016-06-08|16.989189096399254
2016-06-09|18.140625059604645
2016-06-10|20.58750009536743
2016-06-11|21.753125309944153
2016-06-12|25.99062478542328
2016-06-13|19.625
2016-06-14|21.16875010728836
2016-06-15|22.662500083446503
2016-06-16|20.443750202655792
2016-06-17|20.643749713897705
2016-06-18|20.700000166893005
2016-06-19|21.28749990463257
2016-06-20|21.246874630451202
2016-06-21|26.15312486886978
2016-06-22|27.175757726033527
2016-06-23|24.37500011920929
2016-06-24|23.971875071525574
2016-06-25|22.928125202655792
2016-06-26|22.984375
2016-06-27|22.90000009536743
2016-06-28|22.31428595951625
2016-06-29|25.319047882443382
2016-06-30|25.03749990463257
2016-07-01|23.43725488700119
2016-07-02|23.751515359589547
2016-07-03|23.85624998807907
2016-07-04|23.403030279910926
2016-07-05|25.478049022395435
2016-07-06|27.371875047683716
2016-07-07|26.228125035762787
2016-07-08|24.829268385724323
2016-07-09|20.315384693634815
2016-07-10|23.216666766575404
2016-07-11|22.74242435802113
2016-07-12|22.730302984064277
2016-07-13|23.851613075502456
2016-07-14|25.53720922248308
2016-07-15|29.012500286102295
2016-07-16|27.21470614040599
2016-07-17|26.293749809265137
2016-07-18|26.54166661368476
2016-07-19|26.59687489271164
2016-07-20|24.131250083446503
2016-07-21|25.115625083446503
2016-07-22|27.00312477350235
2016-07-23|31.590909148707535
2016-07-24|27.446874976158142
2016-07-25|25.46341440154285
2016-07-26|28.23235298605526
2016-07-27|27.196874916553497
2016-07-28|26.70294116525089
2016-07-29|24.28250002861023
2016-07-30|25.413157613653887
2016-07-31|24.567441718522893
2016-08-01|22.834999990463256
2016-08-02|23.059375166893005
2016-08-03|22.303124964237213
2016-08-04|22.649999856948853
2016-08-05|23.565625190734863
2016-08-06|25.15135115546149
2016-08-07|27.53125
2016-08-08|25.94999998807907
2016-08-09|25.796875059604645
2016-08-10|26.097143009730747
2016-08-11|28.402941198909986
2016-08-12|28.460606199322324
2016-08-13|29.431249976158142
2016-08-14|30.97647061067469
2016-08-15|28.20937490463257
2016-08-16|27.742856979370117
2016-08-17|27.644117523642148
2016-08-18|25.940625071525574
2016-08-19|26.478124856948853
2016-08-20|26.082352862638587
2016-08-21|26.59117659400491
2016-08-22|23.684375166893005
2016-08-23|21.993749737739563
2016-08-24|23.98437511920929
2016-08-25|24.246875405311584
2016-08-26|27.734374701976776
2016-08-27|26.971874952316284
2016-08-28|25.518749833106995
2016-08-29|27.368749916553497
2016-08-30|24.67187511920929
2016-08-31|25.237837611018
2016-09-01|24.005882094888126
2016-09-02|23.00312501192093
2016-09-03|22.70294116525089
2016-09-04|22.49062490463257
2016-09-05|22.878124952316284
2016-09-06|23.829729544149863
2016-09-07|24.375000105963814
2016-09-08|24.86875033378601
2016-09-09|28.332258347542055
2016-09-10|26.390625
2016-09-11|26.05588211732752
2016-09-12|20.74687498807907
2016-09-13|21.487499833106995
2016-09-14|23.638888994852703
2016-09-15|20.00624990463257
2016-09-16|18.72812509536743
2016-09-17|19.458823596729953
2016-09-18|23.441176638883704
2016-09-19|22.13404286161382
2016-09-20|22.458333598242866
2016-09-21|22.397435897435898
2016-09-22|22.437499940395355
2016-09-23|21.533333354526096
2016-09-24|18.037500047683714
2016-09-25|16.56562516093254
2016-09-26|17.421212311946984
2016-09-27|20.848648638338656
2016-09-28|17.862790839616643
2016-09-29|16.471429170881
2016-09-30|15.771428880237398
2016-10-01|15.720588459688074
2016-10-02|16.289743619087414
2016-10-03|18.2613638531078
2016-10-04|17.867647171020508
2016-10-05|15.091176481807933
2016-10-06|15.759375005960464
2016-10-07|15.843243341188174
2016-10-08|17.938636432994496
2016-10-09|14.541666428248087
2016-10-10|12.753125101327896
2016-10-11|12.046875059604645
2016-10-12|14.036363659483014
2016-10-13|15.16666655106978
2016-10-14|12.746875077486038
2016-10-15|12.675000101327896
2016-10-16|16.1937498152256
2016-10-17|19.45312523841858
2016-10-18|19.84687501192093
2016-10-19|22.981249809265137
2016-10-20|18.938235507291907
2016-10-21|19.671153692098763
2016-10-22|12.000000023841858
2016-10-23|12.70000010728836
2016-10-24|14.253125041723251
2016-10-25|9.95312488079071
2016-10-26|7.781249940395355
2016-10-27|8.962857042040143
2016-10-28|9.914705753326416
2016-10-29|11.093750238418579
2016-10-30|18.331579158180638
2016-10-31|10.6875
2016-11-01|10.171874955296516
2016-11-02|15.356250017881393
2016-11-03|17.18750011920929
2016-11-04|14.034375011920929
2016-11-05|12.21875011920929
2016-11-06|12.576470599454993
2016-11-07|8.781249925494194
2016-11-08|11.603124976158142
2016-11-09|12.827777756585014
2016-11-10|9.880645121297528
2016-11-11|11.619230802242573
2016-11-12|7.059374958276749
2016-11-13|9.946874961256981
2016-11-14|10.670967717324533
2016-11-15|10.017021219781105
2016-11-16|11.648484952522047
2016-11-17|12.975000232458115
2016-11-18|12.328124970197678
2016-11-19|11.937142835344588
2016-11-20|4.909375004470348
2016-11-21|4.346875011920929
2016-11-22|4.441935500790996
2016-11-23|4.874999947845936
2016-11-24|7.381249904632568
2016-11-25|9.800000160932541
2016-11-26|9.055882341721478
2016-11-27|7.446874991059303
2016-11-28|7.7937499433755875
2016-11-29|13.791304194408914
2016-11-30|13.053488420885662
2016-12-01|11.91578950380024
2016-12-02|8.071875005960464
2016-12-03|7.331249862909317
2016-12-04|5.856250002980232
2016-12-05|7.017948688604893
2016-12-06|5.913888891537984
2016-12-07|6.61538456647824
2016-12-08|5.271874934434891
2016-12-09|2.1343750171363354
2016-12-10|0.7406249977648258
2016-12-11|0.12777778175142077
2016-12-12|6.894999900460244
2016-12-13|4.893333299954732
2016-12-14|4.590624965727329
2016-12-15|-2.6323529341641594
2016-12-16|-4.668749913573265
2016-12-17|0.6081632643329854
2016-12-18|8.555813944616983
2016-12-19|-1.703125
2016-12-20|-2.1718749925494194
2016-12-21|2.2968750298023224
2016-12-22|5.956249929964542
2016-12-23|5.924999997019768
2016-12-24|6.019047600882394
2016-12-25|6.6000000312924385
2016-12-26|5.464102442447956
2016-12-27|12.481176539028391
2016-12-28|4.701470573158825
2016-12-29|5.6766233428732145
2016-12-30|5.474666655858358
2016-12-31|6.579104428860679
2017-01-01|6.8192307490568895
2017-01-02|4.43421051690453
2017-01-03|6.762162144119675
2017-01-04|7.604999953508377
2017-01-05|-0.006451610595949234
2017-01-06|-0.47368421680048894
2017-01-07|-4.982608644858651
2017-01-08|-5.959374904632568
2017-01-09|-6.662499979138374
2017-01-10|-0.6218750029802322
2017-01-11|7.868421065179925
2017-01-12|10.26857144492013
2017-01-13|8.453124914318323
2017-01-14|-0.6480000138282775
2017-01-15|1.928125012665987
2017-01-16|2.056249987334013
2017-01-17|4.763157932381881
2017-01-18|5.2512820194929075
2017-01-19|6.716666638851166
2017-01-20|6.21081069997839
2017-01-21|7.042222192552354
2017-01-22|8.250980265000287
2017-01-23|5.35405403214532
2017-01-24|3.6604651406753894
2017-01-25|6.247058805297403
2017-01-26|7.6090907906041
2017-01-27|5.132258022985151
2017-01-28|2.618750002235174
2017-01-29|3.140625
2017-01-30|1.4968750104308128
2017-01-31|-1.5085106580815417
2017-02-01|4.884374983608723
2017-02-02|3.774999976158142
2017-02-03|-0.7875000089406967
2017-02-04|-1.6343750022351742
2017-02-05|2.684375025331974
2017-02-06|5.412499986588955
2017-02-07|4.484615405400594
2017-02-08|9.182857200077601
2017-02-09|-1.1744680937300338
2017-02-10|-3.265624977648258
2017-02-11|3.8093749918043613
2017-02-12|1.306122468442333
2017-02-13|2.271875012665987
2017-02-14|0.7499999850988388
2017-02-15|3.5529411680558147
2017-02-16|1.1031250022351742
2017-02-17|1.7125000022351742
2017-02-18|5.749999966472387
2017-02-19|14.081250041723251
2017-02-20|9.58484851952755
2017-02-21|4.037499953061342
2017-02-22|6.874999970197678
2017-02-23|7.986666573418511
2017-02-24|11.277777751286825
2017-02-25|11.566037753842911
2017-02-26|5.1624999567866325
2017-02-27|5.434375017881393
2017-02-28|9.96249998807907
2017-03-01|10.67346932936688
2017-03-02|9.396874859929085
2017-03-03|1.5062500089406967
2017-03-04|-3.6031249836087227
2017-03-05|-3.540624924004078
2017-03-06|1.143750037997961
2017-03-07|7.946874901652336
2017-03-08|11.088235153871423
2017-03-09|13.140625
2017-03-10|2.304651135622069
2017-03-11|-4.7156249806284904
2017-03-12|-3.513333332538605
2017-03-13|-2.7124999947845936
2017-03-14|-0.10588235481112611
2017-03-15|-4.034374989569187
2017-03-16|-0.15937497466802597
2017-03-17|2.618749987334013
2017-03-18|2.159523830527351
2017-03-19|4.624999985098839
2017-03-20|6.581249967217445
2017-03-21|9.528124958276749
2017-03-22|3.909374963492155
2017-03-23|0.24062496051192284
2017-03-24|5.071874920278788
2017-03-25|10.355882308062386
2017-03-26|5.115789463645534
2017-03-27|7.883720919143322
2017-03-28|7.652272668751803
2017-03-29|9.977142906188964
2017-03-30|5.821874938905239
2017-03-31|4.836842122830842
2017-04-01|5.516666604412927
2017-04-02|10.915625050663948
2017-04-03|10.734374970197678
2017-04-04|10.18461537361145
2017-04-05|8.834782641866934
2017-04-06|8.341818150607022
2017-04-07|8.414705809424905
2017-04-08|9.009374931454659
2017-04-09|10.431249901652336
2017-04-10|11.72500005364418
2017-04-11|13.28125
2017-04-12|15.596875101327896
2017-04-13|13.593750059604645
2017-04-14|11.893749952316284
2017-04-15|10.932352935566621
2017-04-16|19.634285627092634
2017-04-17|20.45624989271164
2017-04-18|12.878124982118607
2017-04-19|8.759999966621399
2017-04-20|12.684210752186022
2017-04-21|11.082222281561958
2017-04-22|11.790909095243974
2017-04-23|11.40303019321326
2017-04-24|10.84999993443489
2017-04-25|12.204347817794137
2017-04-26|14.345238231477284
2017-04-27|15.197872303901836
2017-04-28|16.751282178438625
2017-04-29|21.078947519001208
2017-04-30|15.32727287754868
2017-05-01|13.846511663392533
2017-05-02|18.8512820708446
2017-05-03|17.069697033275258
2017-05-04|12.228125005960464
2017-05-05|13.582758656863508
2017-05-06|14.558536436499619
2017-05-07|12.006250023841858
2017-05-08|11.74374994635582
2017-05-09|11.7852941681357
2017-05-10|12.29062506556511
2017-05-11|12.47812506556511
2017-05-12|11.89999989100865
2017-05-13|10.154347979504129
2017-05-14|13.477499961853027
2017-05-15|16.528124928474426
2017-05-16|18.631250202655792
2017-05-17|19.946874916553497
2017-05-18|23.69374978542328
2017-05-19|26.93030311122085
2017-05-20|16.356250256299973
2017-05-21|14.315624922513962
2017-05-22|14.482608795166016
2017-05-23|17.018421273482474
2017-05-24|16.45833338631524
2017-05-25|14.576190403529576
2017-05-26|17.78863629427823
2017-05-27|18.93437498807907
2017-05-28|16.762499952316283
2017-05-29|14.689999914169311
2017-05-30|13.97999985218048
2017-05-31|17.141666809717815
2017-06-01|20.212820688883465
2017-06-02|19.82727270415335
2017-06-03|19.04374998807907
2017-06-04|17.771874964237213
2017-06-05|18.037500301996868
2017-06-06|13.979999923706055
2017-06-07|15.0121211716623
2017-06-08|16.09062498807907
2017-06-09|20.41562509536743
2017-06-10|22.48750013113022
2017-06-11|23.90937489271164
2017-06-12|26.971874713897705
2017-06-13|27.862500071525574
2017-06-14|23.33243246336241
2017-06-15|19.51562511920929
2017-06-16|18.862856892177035
2017-06-17|20.38431380776798
2017-06-18|22.82571449279785
2017-06-19|22.714634267295278
2017-06-20|23.7512820317195
2017-06-21|25.08437478542328
2017-06-22|23.12812513113022
2017-06-23|23.80588217342601
2017-06-24|24.911363818428732
2017-06-25|24.10606066385905
2017-06-26|22.14666665395101
2017-06-27|20.99687498807907
2017-06-28|21.71818172570431
2017-06-29|21.67187488079071
2017-06-30|22.843333435058593
2017-07-01|21.79347846819007
2017-07-02|25.40909096688935
2017-07-03|26.38749998807907
2017-07-04|25.049999952316284
2017-07-05|24.46562498807907
2017-07-06|22.52500009536743
2017-07-07|22.957777955796985
2017-07-08|25.509090943769976
2017-07-09|24.40312510728836
2017-07-10|23.93823533899644
2017-07-11|25.621950986908704
2017-07-12|28.13437509536743
2017-07-13|28.197058902067297
2017-07-14|20.427777820163303
2017-07-15|23.125641162578876
2017-07-16|24.94374990463257
2017-07-17|25.090909264304422
2017-07-18|25.64545440673828
2017-07-19|27.106060721657492
2017-07-20|29.18125021457672
2017-07-21|29.83750057220459
2017-07-22|28.10882355185116
2017-07-23|23.768571581159318
2017-07-24|20.61904743739537
2017-07-25|19.471428407941545
2017-07-26|20.885713958740233
2017-07-27|22.389188869579417
2017-07-28|24.735294285942526
2017-07-29|22.393749713897705
2017-07-30|22.046875059604645
2017-07-31|24.228124856948853
2017-08-01|25.90000009536743
2017-08-02|24.594117389005774
2017-08-03|24.471875250339508
2017-08-04|24.63414615538062
2017-08-05|24.420512908544296
2017-08-06|22.55000001192093
2017-08-07|20.645946193385768
2017-08-08|21.936111132303875
2017-08-09|23.700000047683716
2017-08-10|23.41562509536743
2017-08-11|23.356250047683716
2017-08-12|22.054347618766453
2017-08-13|25.26153828547551
2017-08-14|24.068750143051147
2017-08-15|22.594444009992813
2017-08-16|24.868421203211735
2017-08-17|23.770588201635025
2017-08-18|24.573076761685886
2017-08-19|25.837142508370537
2017-08-20|25.774193548387096
2017-08-21|25.22812509536743
2017-08-22|25.634285409109932
2017-08-23|25.215789142407868
2017-08-24|23.303124964237213
2017-08-25|21.806249737739563
2017-08-26|21.240625023841858
2017-08-27|20.299999952316284
2017-08-28|20.17499989271164
2017-08-29|18.12424220460834
2017-08-30|20.002857317243304
2017-08-31|23.278125047683716
2017-09-01|18.590625017881393
2017-09-02|16.436363595904727
2017-09-03|18.110810975770693
2017-09-04|21.287499964237213
2017-09-05|23.463636513912316
2017-09-06|20.251020470444036
2017-09-07|19.225000500679016
2017-09-08|19.53125011920929
2017-09-09|17.743750244379044
2017-09-10|18.667741960094823
2017-09-11|19.900000154972076
2017-09-12|20.678124964237213
2017-09-13|21.261538676726513
2017-09-14|21.78292688509313
2017-09-15|22.912500143051147
2017-09-16|22.452272978695955
2017-09-17|21.76153857891376
2017-09-18|21.834999990463256
2017-09-19|22.089189684068835
2017-09-20|23.994594934824352
2017-09-21|24.512499809265137
2017-09-22|23.72187489271164
2017-09-23|25.268750250339508
2017-09-24|24.681249916553497
2017-09-25|23.154545697298918
2017-09-26|21.45238090696789
2017-09-27|24.112500143051147
2017-09-28|23.236585012296352
2017-09-29|16.493749856948853
2017-09-30|15.597142900739398
2017-10-01|14.936363740400834
2017-10-02|16.35937511920929
2017-10-03|15.309374898672104
2017-10-04|17.40624988079071
2017-10-05|21.384374797344208
2017-10-06|21.831250190734863
2017-10-07|21.099999803485293
2017-10-08|21.85581451238588
2017-10-09|21.71304404217264
2017-10-10|23.04848491784298
2017-10-11|19.612499713897705
2017-10-12|15.594444539811876
2017-10-13|15.352941204519833
2017-10-14|19.082927006046948
2017-10-15|19.816666557675315
2017-10-16|15.720588263343362
2017-10-17|10.368749916553497
2017-10-18|15.115625202655792
2017-10-19|16.03125
2017-10-20|18.521874845027924
2017-10-21|16.98437511920929
2017-10-22|16.181250154972076
2017-10-23|17.914705949671127
2017-10-24|19.97391302689262
2017-10-25|16.94285730634417
2017-10-26|13.246875077486038
2017-10-27|12.271874874830246
2017-10-28|15.793749928474426
2017-10-29|17.341304240019426
2017-10-30|12.905128283378405
2017-10-31|11.562500059604645
2017-11-01|10.018749952316284
2017-11-02|17.237500270207722
2017-11-03|17.2941177592558
2017-11-04|10.593939405499082
2017-11-05|13.863830038841735
2017-11-06|15.60638308017812
2017-11-07|7.158333248562283
2017-11-08|6.759999970027379
2017-11-09|8.950000040671405
2017-11-10|4.091666655408011
2017-11-11|-0.6906250268220901
2017-11-12|3.2499999813735485
2017-11-13|6.321874976158142
2017-11-14|5.347058744991527
2017-11-15|6.9812499433755875
2017-11-16|11.038888931274414
2017-11-17|6.243749976158142
2017-11-18|7.184848619229866
2017-11-19|10.914705851498772
2017-11-20|5.759374983608723
2017-11-21|9.349999949336052
2017-11-22|9.134210498709427
2017-11-23|2.659375000745058
2017-11-24|5.040624987334013
2017-11-25|8.246875122189522
2017-11-26|7.6586207356946225
2017-11-27|6.828125014901161
2017-11-28|6.429411821505603
2017-11-29|10.956249997019768
2017-11-30|7.050000064513263
2017-12-01|8.835294064353494
2017-12-02|5.193749941885471
2017-12-03|6.438235198750215
2017-12-04|6.99687485396862
2017-12-05|12.395000052452087
2017-12-06|8.173684220564994
2017-12-07|5.3531249314546585
2017-12-08|2.7281250059604645
2017-12-09|0.6595238248507181
2017-12-10|1.167647056719836
2017-12-11|2.4400000254313152
2017-12-12|6.756666624546051
2017-12-13|-3.0093749947845936
2017-12-14|-3.0146341759984088
2017-12-15|-4.282926826942258
2017-12-16|0.07499999925494194
2017-12-17|1.0823529643170975
2017-12-18|4.002631595260219
2017-12-19|8.678124904632568
2017-12-20|6.265624903142452
2017-12-21|1.9500000178813934
2017-12-22|5.592307573709732
2017-12-23|7.553191469070759
2017-12-24|3.508571447644915
2017-12-25|1.908571434020996
2017-12-26|-3.1187500283122063
2017-12-27|-5.662499949336052
2017-12-28|-9.009374976158142
2017-12-29|-8.506250113248825
2017-12-30|-6.239534810531971
2018-01-01|-10.51250010728836
2018-01-02|-7.184374921023846
2018-01-03|-5.574999995529652
2018-01-04|-4.334000029563904
2018-01-05|-10.27499994635582
2018-01-06|-12.07500010728836
2018-01-07|-11.637499839067459
2018-01-08|-3.6891891859673165
2018-01-09|1.6687499918043613
2018-01-10|0.11250000074505806
2018-01-11|5.6514285428183415
2018-01-12|9.258928494794029
2018-01-13|3.4521738990493445
2018-01-14|-7.118749961256981
2018-01-15|-5.306250065565109
2018-01-16|-0.802631582084455
2018-01-17|0.6875000124176344
2018-01-18|-3.1151514703577217
2018-01-19|-0.46562499552965164
2018-01-20|5.240625090897083
2018-01-21|5.043749924749136
2018-01-22|6.68611106607649
2018-01-23|8.307017594053034
2018-01-24|3.696774152017409
2018-01-25|-1.8562500104308128
2018-01-26|-0.8406250029802322
2018-01-27|4.5218749567866325
2018-01-28|8.310256285545153
2018-01-29|4.997222191757626
2018-01-30|-0.633333338631524
2018-01-31|-3.484375
2018-02-01|2.66250004991889
2018-02-02|-1.6657142911638532
2018-02-03|-4.646875027567148
2018-02-04|4.294999977946281
2018-02-05|1.291428576196943
2018-02-06|-0.6968749910593033
2018-02-07|1.5755101782935006
2018-02-08|-0.8500000089406967
2018-02-09|-0.6687500104308128
2018-02-10|6.399999976158142
2018-02-11|8.620754619814315
2018-02-12|7.043243108568965
2018-02-13|-0.5124999918043613
2018-02-14|4.12941175699234
2018-02-15|7.595121813983452
2018-02-16|10.049999992052713
2018-02-17|0.8500000112935117
2018-02-18|2.7815789423490824
2018-02-19|5.087179400982001
2018-02-20|9.878571442195348
2018-02-21|10.537735813068894
2018-02-22|6.7499999811774805
2018-02-23|3.365909132090482
2018-02-24|7.914999949932098
2018-02-25|6.161538344163161
2018-02-26|7.215151468912761
2018-02-27|6.663636373751091
2018-02-28|6.640624962747097
2018-03-01|9.588235266068402
2018-03-02|3.64255316714023
2018-03-03|5.178125016391277
2018-03-04|4.475000005215406
2018-03-05|2.684848528919798
2018-03-06|3.1000000021674414
2018-03-07|1.3684210672713162
2018-03-08|2.5235294384114884
2018-03-09|2.178125001490116
2018-03-10|2.4406250342726707
2018-03-11|3.366666650772095
2018-03-12|3.1314285380499705
2018-03-13|1.8209302619446155
2018-03-14|1.887500025331974
2018-03-15|3.6187500171363354
2018-03-16|2.1906250230968
2018-03-17|2.8968749456107616
2018-03-18|2.0124999918043613
2018-03-19|3.296874977648258
2018-03-20|1.1722222367922466
2018-03-21|0.6799999952316285
2018-03-22|3.167567562412571
2018-03-23|4.963636373028611
2018-03-24|5.942424181735877
2018-03-25|3.9558823459288655
2018-03-26|2.8687499947845936
2018-03-27|2.4249999932944775
2018-03-28|5.153846117166372
2018-03-29|7.960465032000874
2018-03-30|9.770270244495288
2018-03-31|6.781249962747097
2018-04-01|9.765517251244907
2018-12-31|-9.415624901652336
