time,mean
2010-01-01,0.39062499813735485
2010-01-02,0.05000000074505806
2010-01-03,0.0
2010-01-04,0.0
2010-01-05,0.0
2010-01-06,0.0
2010-01-07,0.0
2010-01-08,0.0
2010-01-09,0.03200000047683716
2010-01-10,0.0
2010-01-11,0.0
2010-01-12,0.0
2010-01-13,0.0
2010-01-14,0.0
2010-01-15,0.0
2010-01-16,0.0
2010-01-17,1.356666640440623
2010-01-18,0.6742856911250523
2010-01-19,0.018518518518518517
2010-01-20,0.0
2010-01-21,0.0
2010-01-22,0.0
2010-01-23,0.0
2010-01-24,0.0
2010-01-25,1.609523791642416
2010-01-26,0.8035714434725898
2010-01-27,0.012000000476837159
2010-01-28,0.22285714319774083
2010-01-29,0.15384615384615385
2010-01-30,0.0
2010-01-31,0.0
2010-02-01,0.0
2010-02-02,0.0
2010-02-03,0.05294117857428158
2010-02-04,0.03200000047683716
2010-02-05,0.0
2010-02-06,0.03617021378050459
2010-02-07,0.12692307508908784
2010-02-08,0.0
2010-02-09,0.020689655994546825
2010-02-10,0.9311475382476556
2010-02-11,1.5413792976017655
2010-02-12,0.0
2010-02-13,0.0
2010-02-14,0.0
2010-02-15,0.037931035304891655
2010-02-16,0.6912280676657694
2010-02-17,0.43548386327682004
2010-02-18,0.0
2010-02-19,0.0
2010-02-20,0.0
2010-02-21,0.0
2010-02-22,0.012000000476837159
2010-02-23,1.5249999910593033
2010-02-24,2.015384626694215
2010-02-25,2.5379999816417693
2010-02-26,1.3428571698616962
2010-02-27,0.744827599361025
2010-02-28,0.0
2010-03-01,0.0
2010-03-02,0.0
2010-03-03,0.05757575865947839
2010-03-04,0.042307693224686846
2010-03-05,0.0
2010-03-06,0.0
2010-03-07,0.0
2010-03-08,0.0
2010-03-09,0.0
2010-03-10,0.0
2010-03-11,0.0
2010-03-12,0.7549999922513961
2010-03-13,3.2282050939706655
2010-03-14,2.0585365876918886
2010-03-15,0.8555555409855313
2010-03-16,0.28461538828336275
2010-03-17,0.0
2010-03-18,0.0
2010-03-19,0.0
2010-03-20,0.0
2010-03-21,0.0
2010-03-22,1.0804878051688032
2010-03-23,2.6000000304645963
2010-03-24,0.11538461538461539
2010-03-25,0.0
2010-03-26,0.13714285918644498
2010-03-27,0.051999998092651364
2010-03-28,0.031034483991820235
2010-03-29,3.180851014370614
2010-03-30,4.871999959945679
2010-03-31,1.8823529657195597
2010-04-01,0.012000000476837159
2010-04-02,0.0
2010-04-03,0.0
2010-04-04,0.0
2010-04-05,0.0
2010-04-06,0.0
2010-04-07,0.0
2010-04-08,0.0
2010-04-09,0.7371428438595363
2010-04-10,0.3962962826093038
2010-04-11,0.0
2010-04-12,0.0
2010-04-13,0.0
2010-04-14,0.0
2010-04-15,0.0
2010-04-16,0.506249999627471
2010-04-17,1.212903207348239
2010-04-18,0.02307692399391761
2010-04-19,0.0
2010-04-20,0.0
2010-04-21,0.13846153708604667
2010-04-22,0.2906249985098839
2010-04-23,0.1769230732550988
2010-04-24,0.0
2010-04-25,2.085714263575418
2010-04-26,3.007500025629997
2010-04-27,0.9999999751647314
2010-04-28,0.04
2010-04-29,0.0
2010-04-30,0.0
2010-05-01,0.0
2010-05-02,0.0
2010-05-03,1.7222222089767456
2010-05-04,1.1285714230367117
2010-05-05,0.4571428511823927
2010-05-06,0.0
2010-05-07,0.0
2010-05-08,0.0
2010-05-09,0.0
2010-05-10,0.0
2010-05-11,0.0
2010-05-12,0.6487804811175276
2010-05-13,0.36923078390268177
2010-05-14,0.0
2010-05-15,0.0
2010-05-16,0.0
2010-05-17,0.0
2010-05-18,1.8170731518326737
2010-05-19,0.7896551592596646
2010-05-20,0.0
2010-05-21,0.0
2010-05-22,0.0
2010-05-23,0.0
2010-05-24,0.10000000203528055
2010-05-25,0.051999998092651364
2010-05-26,0.0
2010-05-27,0.011111111552626998
2010-05-28,0.04285714456013271
2010-05-29,0.0
2010-05-30,0.0
2010-05-31,0.0
2010-06-01,0.08387096851102767
2010-06-02,0.07142857142857142
2010-06-03,0.0
2010-06-04,0.0
2010-06-05,0.0
2010-06-06,0.0
2010-06-07,0.0
2010-06-08,0.0
2010-06-09,1.3323529222432304
2010-06-10,2.6133333524068196
2010-06-11,0.038461538461538464
2010-06-12,0.0
2010-06-13,0.07241379392558131
2010-06-14,0.07187500037252903
2010-06-15,0.02
2010-06-16,0.0
2010-06-17,0.2464285705770765
2010-06-18,0.07692307692307693
2010-06-19,0.0
2010-06-20,0.0
2010-06-21,0.0
2010-06-22,0.28709676957899527
2010-06-23,0.6928571292332241
2010-06-24,0.0
2010-06-25,0.0
2010-06-26,0.0
2010-06-27,0.0
2010-06-28,0.0
2010-06-29,0.0
2010-06-30,0.0
2010-07-01,0.0
2010-07-02,0.0
2010-07-03,0.0
2010-07-04,0.0
2010-07-05,0.0
2010-07-06,0.0
2010-07-07,0.0
2010-07-08,0.0
2010-07-09,0.0
2010-07-10,0.0
2010-07-11,0.0
2010-07-12,0.0
2010-07-13,1.651162753271502
2010-07-14,1.1621621814933982
2010-07-15,0.35000000468322207
2010-07-16,0.0
2010-07-17,0.0
2010-07-18,0.0
2010-07-19,1.9473684210526316
2010-07-20,1.0499999863760812
2010-07-21,0.0
2010-07-22,0.0
2010-07-23,1.6303030071836528
2010-07-24,2.107142857142857
2010-07-25,0.2218750026077032
2010-07-26,0.12692307508908784
2010-07-27,0.0
2010-07-28,0.0
2010-07-29,0.11290322772918208
2010-07-30,0.06153846245545607
2010-07-31,0.0
2010-08-01,0.0
2010-08-02,0.0
2010-08-03,0.0
2010-08-04,0.0
2010-08-05,0.0
2010-08-06,0.0
2010-08-07,0.0
2010-08-08,0.0
2010-08-09,0.0
2010-08-10,0.0
2010-08-11,0.0
2010-08-12,0.0
2010-08-13,0.031034483991820235
2010-08-14,0.0
2010-08-15,0.017857142857142856
2010-08-16,0.35294117647058826
2010-08-17,0.20384615201216477
2010-08-18,0.0
2010-08-19,0.0
2010-08-20,0.0
2010-08-21,0.0
2010-08-22,3.7311111039585536
2010-08-23,3.1024999976158143
2010-08-24,0.5088235262562247
2010-08-25,1.644186067026715
2010-08-26,0.9269230915949895
2010-08-27,0.0
2010-08-28,0.0
2010-08-29,0.0
2010-08-30,0.0
2010-08-31,0.0
2010-09-01,0.0
2010-09-02,0.0
2010-09-03,0.0
2010-09-04,0.0
2010-09-05,0.0
2010-09-06,0.0
2010-09-07,0.0
2010-09-08,0.0
2010-09-09,0.0
2010-09-10,0.0
2010-09-11,0.0
2010-09-12,0.9588235108291402
2010-09-13,1.5129032135009766
2010-09-14,0.3538461465101976
2010-09-15,0.0
2010-09-16,3.44516122341156
2010-09-17,1.3909090576749858
2010-09-18,0.2520000076293945
2010-09-19,0.0
2010-09-20,0.0
2010-09-21,0.0
2010-09-22,0.8586206703350462
2010-09-23,0.9962962821677879
2010-09-24,0.0
2010-09-25,0.0
2010-09-26,0.2959999966621399
2010-09-27,2.494871756969354
2010-09-28,0.651351361661344
2010-09-29,0.0
2010-09-30,2.563636355327837
2010-10-01,4.000000014305114
2010-10-02,2.334615340599647
2010-10-03,0.05200000047683716
2010-10-04,0.7342105241198289
2010-10-05,0.49714284794671193
2010-10-06,0.04444444621050799
2010-10-07,0.011111111552626998
2010-10-08,0.0
2010-10-09,0.0
2010-10-10,0.0
2010-10-11,1.2428571326392037
2010-10-12,1.9249999821186066
2010-10-13,0.012000000476837159
2010-10-14,1.2928571147578103
2010-10-15,1.499999988824129
2010-10-16,0.04285714456013271
2010-10-17,0.0
2010-10-18,0.0
2010-10-19,0.22068965640561333
2010-10-20,0.09199999809265137
2010-10-21,0.0
2010-10-22,0.0
2010-10-23,0.0
2010-10-24,0.0
2010-10-25,0.0
2010-10-26,0.0
2010-10-27,0.25897436264233714
2010-10-28,0.196153842485868
2010-10-29,0.0
2010-10-30,0.0
2010-10-31,0.0
2010-11-01,0.0
2010-11-02,0.0
2010-11-03,0.0
2010-11-04,1.4744185943936192
2010-11-05,0.769230781457363
2010-11-06,0.08846153892003573
2010-11-07,0.0
2010-11-08,0.06562500074505806
2010-11-09,0.06153846245545607
2010-11-10,0.0
2010-11-11,0.0
2010-11-12,0.0
2010-11-13,0.0
2010-11-14,0.0
2010-11-15,0.0
2010-11-16,0.46857142278126307
2010-11-17,1.5193548414015001
2010-11-18,0.4423076785527743
2010-11-19,0.03333333465788099
2010-11-20,0.0
2010-11-21,0.0
2010-11-22,0.0
2010-11-23,0.0
2010-11-24,0.0
2010-11-25,0.1484848495685693
2010-11-26,0.19285714484396435
2010-11-27,0.09199999809265137
2010-11-28,0.0
2010-11-29,0.0
2010-11-30,0.046666667858759565
2010-12-01,1.951219496203632
2010-12-02,1.7384615678053637
2010-12-03,0.0
2010-12-04,0.0
2010-12-05,0.0
2010-12-06,0.0
2010-12-07,0.0
2010-12-08,0.0
2010-12-09,0.0
2010-12-10,0.0
2010-12-11,0.0
2010-12-12,1.8933333118756612
2010-12-13,0.8823529639664818
2010-12-14,0.015625
2010-12-15,0.0
2010-12-16,0.0
2010-12-17,0.0
2010-12-18,0.0
2010-12-19,0.0
2010-12-20,0.0
2010-12-21,0.0
2010-12-22,0.0
2010-12-23,0.0
2010-12-24,0.0
2010-12-25,0.0
2010-12-31,0.8666666646798452
2011-01-01,0.0
2011-01-02,0.21081080952206174
2011-01-03,0.2074074038752803
2011-01-04,0.0
2011-01-05,0.0
2011-01-06,0.0
2011-01-07,0.1340909099036997
2011-01-08,0.11249999701976776
2011-01-09,0.0
2011-01-10,0.0
2011-01-11,0.16451612787861977
2011-01-12,1.0628571271896363
2011-01-13,0.41153845420250523
2011-01-14,0.0
2011-01-15,0.0
2011-01-16,0.0
2011-01-17,0.0
2011-01-18,1.7722221966143008
2011-01-19,1.2733333309491475
2011-01-20,0.08
2011-01-21,0.7189189066758027
2011-01-22,0.38799999237060545
2011-01-23,0.0
2011-01-24,0.0
2011-01-25,0.040540542151476885
2011-01-26,0.6199999971823259
2011-01-27,1.8030302885806921
2011-01-28,0.2857142806053162
2011-01-29,0.03214285842009953
2011-01-30,0.03333333465788099
2011-01-31,0.0
2011-02-01,0.10185185295564157
2011-02-02,1.2261904563222612
2011-02-03,0.8961538534898025
2011-02-04,0.0
2011-02-05,0.41956522024196125
2011-02-06,0.45925927382928355
2011-02-07,0.09629629717932807
2011-02-08,0.4114285707473755
2011-02-09,0.13846153708604667
2011-02-10,0.0
2011-02-11,0.0
2011-02-12,0.0
2011-02-13,0.0
2011-02-14,0.0
2011-02-15,0.0
2011-02-16,0.0
2011-02-17,0.0
2011-02-18,0.375
2011-02-19,0.2857142857142857
2011-02-20,0.0
2011-02-21,0.36486486486486486
2011-02-22,0.21538462317906892
2011-02-23,0.0
2011-02-24,0.053846155221645646
2011-02-25,2.3026315632619356
2011-02-26,1.8269230769230769
2011-02-27,0.0
2011-02-28,0.618421052631579
2011-03-01,0.41481479892024287
2011-03-02,0.0
2011-03-03,0.0
2011-03-04,0.0
2011-03-05,0.0
2011-03-06,1.8069767231164977
2011-03-07,1.5210526303241128
2011-03-08,0.07199999809265137
2011-03-09,0.0
2011-03-10,0.5710526265596089
2011-03-11,2.099999988079071
2011-03-12,0.6519999694824219
2011-03-13,0.0
2011-03-14,0.0
2011-03-15,0.0
2011-03-16,1.380555538667573
2011-03-17,0.9692307435549222
2011-03-18,0.0
2011-03-19,0.0
2011-03-20,0.0
2011-03-21,0.6947368414778459
2011-03-22,0.6269230659191425
2011-03-23,0.8983606549560047
2011-03-24,0.8540540563093649
2011-03-25,0.07199999809265137
2011-03-26,0.0
2011-03-27,0.0
2011-03-28,0.0
2011-03-29,0.0
2011-03-30,0.0
2011-03-31,0.11538461691293961
2011-04-01,0.5549999952316285
2011-04-02,0.27307692857889027
2011-04-03,0.0
2011-04-04,0.07500000085149493
2011-04-05,0.21025641147906965
2011-04-06,0.18888888977192067
2011-04-07,0.17586206978765026
2011-04-08,0.0
2011-04-09,0.0
2011-04-10,0.0
2011-04-11,0.0
2011-04-12,1.1499999910593033
2011-04-13,1.7727272510528564
2011-04-14,0.46428570789950235
2011-04-15,0.0
2011-04-16,1.1117646816898794
2011-04-17,3.188235300428727
2011-04-18,0.04333333174387614
2011-04-19,0.010344827997273412
2011-04-20,0.030000001192092896
2011-04-21,0.0
2011-04-22,0.0
2011-04-23,1.7355555560853746
2011-04-24,2.0096774428121504
2011-04-25,1.3399999618530274
2011-04-26,0.0
2011-04-27,0.0
2011-04-28,0.3219512206752126
2011-04-29,0.1999999965940203
2011-04-30,0.0
2011-05-01,0.0
2011-05-02,0.0
2011-05-03,0.0
2011-05-04,1.2717948647645803
2011-05-05,1.1307692160973182
2011-05-06,0.0
2011-05-07,0.0
2011-05-08,0.0
2011-05-09,0.0
2011-05-10,0.0
2011-05-11,0.0
2011-05-12,0.0
2011-05-13,0.0
2011-05-14,0.0
2011-05-15,0.0842105275706241
2011-05-16,0.06363636435884418
2011-05-17,1.9869565160378166
2011-05-18,2.465853676563356
2011-05-19,1.4689655303955078
2011-05-20,0.11666666666666667
2011-05-21,0.15714285842009953
2011-05-22,0.05517241461523648
2011-05-23,0.203225806836159
2011-05-24,0.12692307738157418
2011-05-25,0.0
2011-05-26,0.0
2011-05-27,0.0
2011-05-28,0.0
2011-05-29,0.0
2011-05-30,1.4624999649822712
2011-05-31,0.43076921655581546
2011-06-01,0.0
2011-06-02,0.0
2011-06-03,0.0
2011-06-04,0.0
2011-06-05,0.0
2011-06-06,0.0
2011-06-07,0.0
2011-06-08,0.0
2011-06-09,0.870967734244562
2011-06-10,1.3071428367069788
2011-06-11,0.791666665010982
2011-06-12,0.8399999976158142
2011-06-13,0.3068965591233352
2011-06-14,0.11666666467984517
2011-06-15,0.17857142857142858
2011-06-16,0.0
2011-06-17,1.892499989271164
2011-06-18,1.6499999853280873
2011-06-19,0.0
2011-06-20,0.0
2011-06-21,0.0
2011-06-22,0.031034483991820235
2011-06-23,0.04285714456013271
2011-06-24,0.008108108430295377
2011-06-25,0.0
2011-06-26,0.0
2011-06-27,0.0
2011-06-28,0.0
2011-06-29,0.16666666666666666
2011-06-30,0.04
2011-07-01,0.0
2011-07-02,0.0
2011-07-03,0.5171428510120937
2011-07-04,0.4461538608257587
2011-07-05,0.0
2011-07-06,0.0
2011-07-07,0.23571428443704331
2011-07-08,0.7117646967663485
2011-07-09,1.7071428235088075
2011-07-10,0.0
2011-07-11,0.0
2011-07-12,0.0
2011-07-13,0.10000000042574746
2011-07-14,0.1285714294229235
2011-07-15,0.0
2011-07-16,0.0
2011-07-17,0.0
2011-07-18,0.0
2011-07-19,0.0
2011-07-20,0.0
2011-07-21,0.0
2011-07-22,0.0
2011-07-23,0.0
2011-07-24,0.717241385887409
2011-07-25,0.531250013038516
2011-07-26,0.4696969859527819
2011-07-27,0.6000000068119594
2011-07-28,0.0
2011-07-29,2.4631578796788265
2011-07-30,2.907142843518938
2011-07-31,0.0
2011-08-01,0.03750000149011612
2011-08-02,0.012000000476837159
2011-08-03,0.696874987334013
2011-08-04,1.9107142516544886
2011-08-05,0.0
2011-08-06,0.0
2011-08-07,0.24242424061804108
2011-08-08,0.4678571479661124
2011-08-09,1.0999999714620186
2011-08-10,0.861538446866549
2011-08-11,0.0
2011-08-12,0.0
2011-08-13,0.0
2011-08-14,12.871111065811581
2011-08-15,8.319354789872323
2011-08-16,0.02812500111758709
2011-08-17,0.02307692399391761
2011-08-18,0.4419354700273083
2011-08-19,1.9114285264696393
2011-08-20,1.4357142448425293
2011-08-21,3.763636356050318
2011-08-22,6.800000054495675
2011-08-23,0.0
2011-08-24,0.0
2011-08-25,0.43437499552965164
2011-08-26,0.5481481552124023
2011-08-27,2.6886363584886896
2011-08-28,6.524637737135956
2011-08-29,2.3760000610351564
2011-08-30,0.0
2011-08-31,0.0
2011-09-01,0.0
2011-09-02,0.0
2011-09-03,0.0
2011-09-04,0.0
2011-09-05,0.0
2011-09-06,1.9395833363135655
2011-09-07,1.3911111103163825
2011-09-08,2.341176443240222
2011-09-09,0.35925925219500504
2011-09-10,0.0
2011-09-11,0.0
2011-09-12,0.0
2011-09-13,0.0
2011-09-14,0.0
2011-09-15,0.01875000074505806
2011-09-16,0.021428572280066355
2011-09-17,0.0
2011-09-18,0.0
2011-09-19,0.0
2011-09-20,0.05714285799435207
2011-09-21,0.059259260142291034
2011-09-22,0.027272728356448086
2011-09-23,1.6813953103021133
2011-09-24,2.7928571701049805
2011-09-25,0.0
2011-09-26,0.0
2011-09-27,0.0
2011-09-28,0.09687500260770321
2011-09-29,0.8428571153254736
2011-09-30,1.2896551366510063
2011-10-01,0.5787878849289634
2011-10-02,0.22333333094914753
2011-10-03,0.08275862192285471
2011-10-04,0.07142857142857142
2011-10-05,0.0
2011-10-06,0.0
2011-10-07,0.0
2011-10-08,0.0
2011-10-09,0.0
2011-10-10,0.0
2011-10-11,0.0
2011-10-12,0.0
2011-10-13,0.09743589926988651
2011-10-14,0.5846153788077526
2011-10-15,0.4714285816465105
2011-10-16,0.0
2011-10-17,0.0
2011-10-18,0.0
2011-10-19,1.6543478071689606
2011-10-20,1.50967744088942
2011-10-21,0.012000000476837159
2011-10-22,0.0
2011-10-23,0.0
2011-10-24,0.0
2011-10-25,0.0
2011-10-26,0.0
2011-10-27,1.2441860340362372
2011-10-28,1.1178571368966783
2011-10-29,3.010869562625885
2011-10-30,2.02903228229092
2011-10-31,0.012000000476837159
2011-11-01,0.0
2011-11-02,0.0
2011-11-03,0.0
2011-11-04,0.0
2011-11-05,0.0
2011-11-06,0.0
2011-11-07,0.0
2011-11-08,0.0
2011-11-09,0.0
2011-11-10,0.0
2011-11-11,0.0
2011-11-12,0.0
2011-11-13,0.0
2011-11-14,0.0
2011-11-15,0.021428572280066355
2011-11-16,1.1289473536767458
2011-11-17,0.6228571449007306
2011-11-18,0.0692307696892665
2011-11-19,0.0
2011-11-20,0.0
2011-11-21,0.34333332975705466
2011-11-22,1.936111095878813
2011-11-23,2.9174999579787255
2011-11-24,0.9576922746805044
2011-11-25,0.0
2011-11-26,0.0
2011-11-27,0.0
2011-11-28,0.0
2011-11-29,0.2567567551458204
2011-11-30,0.21785713945116317
2011-12-01,0.0
2011-12-02,0.0
2011-12-03,0.0
2011-12-04,0.0
2011-12-05,0.0
2011-12-06,0.31891892085204254
2011-12-07,1.5333333147896662
2011-12-08,1.5206896642158771
2011-12-09,0.19200000762939454
2011-12-10,0.0
2011-12-11,0.0
2011-12-12,0.0
2011-12-13,0.0
2011-12-14,0.0
2011-12-15,0.0
2011-12-16,0.0
2011-12-17,0.0
2011-12-18,0.0
2011-12-19,0.0
2011-12-20,0.048275863302165066
2011-12-21,0.18863636661659589
2011-12-22,0.3103448275862069
2011-12-23,2.183333325717184
2011-12-24,0.8719999694824219
2011-12-25,0.0
2011-12-26,0.4590909074653279
2011-12-27,1.0533333253860473
2011-12-28,0.9480768900651199
2011-12-29,0.0
2011-12-30,0.0
2011-12-31,0.005555555776313499
2012-01-01,0.1407407389746772
2012-01-02,0.2074074038752803
2012-01-03,0.0
2012-01-04,0.0
2012-01-05,0.0
2012-01-06,0.011538461996958805
2012-01-07,0.0
2012-01-08,0.0
2012-01-09,0.0
2012-01-10,0.0
2012-01-11,0.02
2012-01-12,1.8622222105662027
2012-01-13,0.6189189086089263
2012-01-14,0.0
2012-01-15,0.0
2012-01-16,0.0
2012-01-17,0.5085714289120266
2012-01-18,0.4576923113602858
2012-01-19,0.0
2012-01-20,0.0
2012-01-21,0.32558139534883723
2012-01-22,0.31153846704042876
2012-01-23,0.34999999971616835
2012-01-24,0.5071428716182709
2012-01-25,0.0
2012-01-26,0.25405405502061584
2012-01-27,0.8756756669766194
2012-01-28,0.5576923076923077
2012-01-29,0.0
2012-01-30,0.0
2012-01-31,0.0
2012-02-01,0.07500000085149493
2012-02-02,0.05000000045849727
2012-02-03,0.0
2012-02-04,0.0
2012-02-05,0.0
2012-02-06,0.0
2012-02-07,0.0
2012-02-08,0.08235294328016393
2012-02-09,0.06206896592830789
2012-02-10,0.0
2012-02-11,0.24324324485417959
2012-02-12,0.12962962962962962
2012-02-13,0.0
2012-02-14,0.042307693224686846
2012-02-15,0.08333333532015483
2012-02-16,0.24838709831237793
2012-02-17,0.19729729923042091
2012-02-18,0.06785714413438525
2012-02-19,0.03333333465788099
2012-02-20,0.0
2012-02-21,0.0
2012-02-22,0.0
2012-02-23,0.0
2012-02-24,0.5849999964237214
2012-02-25,0.6966666539510091
2012-02-26,0.0
2012-02-27,0.0
2012-02-28,0.0
2012-02-29,0.9031249973922968
2012-03-01,0.7466666519641876
2012-03-02,0.24814814770663227
2012-03-03,0.5131578931682989
2012-03-04,0.15769230402432954
2012-03-05,0.0
2012-03-06,0.0
2012-03-07,0.0
2012-03-08,0.0
2012-03-09,0.2148148152563307
2012-03-10,0.07199999809265137
2012-03-11,0.0
2012-03-12,0.0
2012-03-13,0.18709677650082496
2012-03-14,0.09615384615384616
2012-03-15,0.0
2012-03-16,0.0394736857790696
2012-03-17,0.030769231227728035
2012-03-18,0.0
2012-03-19,0.0
2012-03-20,0.0
2012-03-21,0.0
2012-03-22,0.0
2012-03-23,0.0
2012-03-24,0.018518518518518517
2012-03-25,0.3677419327920483
2012-03-26,0.05000000045849727
2012-03-27,0.0
2012-03-28,0.04137931198909365
2012-03-29,0.022222223105253996
2012-03-30,0.0
2012-03-31,0.805714281967708
2012-04-01,0.7035714111157826
2012-04-02,0.6870967668871726
2012-04-03,0.1
2012-04-04,0.0
2012-04-05,0.0
2012-04-06,0.0
2012-04-07,0.0
2012-04-08,0.0
2012-04-09,0.0
2012-04-10,0.0
2012-04-11,0.0
2012-04-12,0.0
2012-04-13,0.0
2012-04-14,0.0
2012-04-15,0.0
2012-04-16,0.0
2012-04-17,0.0
2012-04-18,0.0
2012-04-19,0.0
2012-04-20,0.0
2012-04-21,0.01935483947876961
2012-04-22,2.4157894645866596
2012-04-23,4.294285709517343
2012-04-24,0.26538461905259353
2012-04-25,0.0
2012-04-26,0.1300000011920929
2012-04-27,0.04838709677419355
2012-04-28,0.0
2012-04-29,0.0
2012-04-30,0.0
2012-05-01,2.283333323068089
2012-05-02,0.8866666555404663
2012-05-03,1.886206894085325
2012-05-04,0.9714285680225917
2012-05-05,0.3966666618982951
2012-05-06,0.13846153479356033
2012-05-07,0.0
2012-05-08,0.07200000047683716
2012-05-09,1.066666651994754
2012-05-10,3.1499999165534973
2012-05-11,0.22399999618530272
2012-05-12,0.0
2012-05-13,0.0
2012-05-14,0.0
2012-05-15,1.2969696720441182
2012-05-16,0.5714285714285714
2012-05-17,0.02
2012-05-18,0.0
2012-05-19,0.0
2012-05-20,0.0
2012-05-21,4.076595774356355
2012-05-22,1.7500000182125304
2012-05-23,0.14137930705629545
2012-05-24,0.8736841851159146
2012-05-25,0.5624999925494194
2012-05-26,0.6821428537368774
2012-05-27,0.675000011920929
2012-05-28,0.27857142261096407
2012-05-29,0.011538461996958805
2012-05-30,0.030000001192092896
2012-05-31,0.0
2012-06-01,0.02
2012-06-02,3.2454545136654014
2012-06-03,0.7103448407403354
2012-06-04,0.5758620623884529
2012-06-05,0.3862068899746599
2012-06-06,0.038461538461538464
2012-06-07,0.13793103448275862
2012-06-08,0.0
2012-06-09,0.0
2012-06-10,0.22857142771993363
2012-06-11,0.07407407407407407
2012-06-12,0.9971428462437221
2012-06-13,3.753488388172416
2012-06-14,1.4538461245023286
2012-06-15,0.0
2012-06-16,0.0
2012-06-17,0.0
2012-06-18,0.0
2012-06-19,0.0
2012-06-20,0.0
2012-06-21,0.0
2012-06-22,0.4843749962747097
2012-06-23,1.940625000745058
2012-06-24,0.66
2012-06-25,4.260000030696392
2012-06-26,3.403571401323591
2012-06-27,0.0
2012-06-28,0.0
2012-06-29,0.14444444356141267
2012-06-30,0.06
2012-07-01,0.0
2012-07-02,0.0
2012-07-03,0.0
2012-07-04,0.08620689860705671
2012-07-05,0.05000000045849727
2012-07-06,0.0
2012-07-07,0.0
2012-07-08,0.18666666547457378
2012-07-09,0.0
2012-07-10,0.0
2012-07-11,0.0
2012-07-12,0.0
2012-07-13,0.0
2012-07-14,0.0
2012-07-15,0.2206896522949482
2012-07-16,0.5928571330649512
2012-07-17,0.0
2012-07-18,0.5
2012-07-19,0.39259260672110097
2012-07-20,1.0459459279034589
2012-07-21,0.8192307398869441
2012-07-22,0.0
2012-07-23,0.09655172660433013
2012-07-24,0.1642857108797346
2012-07-25,0.0
2012-07-26,1.27428571837289
2012-07-27,1.4499999795641219
2012-07-28,0.22258064439219813
2012-07-29,0.12857142516544887
2012-07-30,0.0
2012-07-31,0.0
2012-08-01,0.14666666587193808
2012-08-02,0.13846153479356033
2012-08-03,0.0
2012-08-04,0.0
2012-08-05,0.4137930952269456
2012-08-06,0.8799999872843425
2012-08-07,0.23200000762939454
2012-08-08,0.0
2012-08-09,0.0
2012-08-10,5.637142823423658
2012-08-11,3.8428570883614674
2012-08-12,0.0
2012-08-13,0.0
2012-08-14,0.0
2012-08-15,1.0763157762979205
2012-08-16,0.9428571292332241
2012-08-17,0.0
2012-08-18,0.8312499914318323
2012-08-19,0.38518517105667677
2012-08-20,0.0
2012-08-21,0.0
2012-08-22,0.0
2012-08-23,0.0
2012-08-24,0.0
2012-08-25,0.0
2012-08-26,0.0
2012-08-27,1.5999999567866325
2012-08-28,0.67586206156632
2012-08-29,0.1
2012-08-30,0.0
2012-08-31,0.0
2012-09-01,0.0
2012-09-02,0.0
2012-09-03,1.432258059901576
2012-09-04,1.386363622817126
2012-09-05,1.1472222076521978
2012-09-06,0.3153846080486591
2012-09-07,0.0
2012-09-08,0.46060605482621625
2012-09-09,0.4517241346425024
2012-09-10,0.0
2012-09-11,0.0
2012-09-12,0.0
2012-09-13,0.0
2012-09-14,0.0
2012-09-15,0.0
2012-09-16,0.0
2012-09-17,0.0
2012-09-18,1.722500005364418
2012-09-19,3.784375049173832
2012-09-20,0.011111111552626998
2012-09-21,0.0
2012-09-22,0.3730769157409668
2012-09-23,1.0642857147114617
2012-09-24,0.0
2012-09-25,0.0
2012-09-26,0.05714285799435207
2012-09-27,0.028571428997176036
2012-09-28,1.0131578915997554
2012-09-29,0.4892857096024922
2012-09-30,0.029629630071145517
2012-10-01,0.0
2012-10-02,0.712121206702608
2012-10-03,0.35714284437043325
2012-10-04,0.966666655106978
2012-10-05,0.7999999706561749
2012-10-06,0.0
2012-10-07,0.21034482840833993
2012-10-08,0.43571427890232634
2012-10-09,0.07428571496691022
2012-10-10,0.425
2012-10-11,0.21785713945116317
2012-10-12,0.0
2012-10-13,0.0
2012-10-14,0.0
2012-10-15,0.47666666309038797
2012-10-16,0.3285714217594692
2012-10-17,0.0
2012-10-18,0.0
2012-10-19,0.5357142814568111
2012-10-20,0.27307691940894496
2012-10-21,0.0
2012-10-22,0.0
2012-10-23,0.04444444621050799
2012-10-24,0.08709677573173277
2012-10-25,0.0
2012-10-26,0.0
2012-10-27,0.0
2012-10-28,0.0
2012-10-29,0.9439024358260922
2012-10-30,0.7894736873476129
2012-10-31,0.05714285799435207
2012-11-01,0.012000000476837159
2012-11-02,0.0
2012-11-03,0.0
2012-11-04,0.0
2012-11-05,0.0
2012-11-06,0.0
2012-11-07,1.7578947183332945
2012-11-08,1.0933333436648052
2012-11-09,0.04
2012-11-10,0.0
2012-11-11,0.0
2012-11-12,0.0
2012-11-13,0.14473684367380643
2012-11-14,0.1346153846153846
2012-11-15,0.0
2012-11-16,0.0
2012-11-17,0.0
2012-11-18,0.0
2012-11-19,0.0
2012-11-20,0.0
2012-11-21,0.0
2012-11-22,0.0
2012-11-23,0.02
2012-11-24,0.12142857270581382
2012-11-25,0.012000000476837159
2012-11-26,0.0
2012-11-27,0.8705882237238043
2012-11-28,0.8074073791503906
2012-11-29,0.0
2012-11-30,0.0
2012-12-01,0.0
2012-12-02,0.05000000045849727
2012-12-03,0.1111111111111111
2012-12-04,0.05172413998636706
2012-12-05,0.018518518518518517
2012-12-06,0.0
2012-12-07,0.2029411792755127
2012-12-08,0.8818181698972528
2012-12-09,0.6885714411735535
2012-12-10,0.8750000074505806
2012-12-11,0.2968750037252903
2012-12-12,0.051999998092651364
2012-12-13,0.0
2012-12-14,0.0
2012-12-15,0.0
2012-12-16,0.19687500409781933
2012-12-17,0.4972222215599484
2012-12-18,2.3621621131896973
2012-12-19,0.9037036719145598
2012-12-20,0.0
2012-12-21,1.5102563699086506
2012-12-22,0.6206896551724138
2012-12-23,0.0
2012-12-24,0.1689655164192463
2012-12-25,0.19655172372686452
2012-12-26,1.0400000035762786
2012-12-27,2.5382352734313294
2012-12-28,0.7846153997457944
2012-12-29,0.4742857115609305
2013-01-01,0.0
2013-01-02,0.0
2013-01-03,0.0
2013-01-04,0.0
2013-01-05,0.0
2013-01-06,0.0
2013-01-07,0.0
2013-01-08,0.0
2013-01-09,0.0
2013-01-10,0.0
2013-01-11,0.9878787831826643
2013-01-12,1.0249999804156167
2013-01-13,0.05172413793103448
2013-01-14,0.05142857347215925
2013-01-15,0.2964285739830562
2013-01-16,1.564999993145466
2013-01-17,0.9384615054497352
2013-01-18,0.0
2013-01-19,0.0
2013-01-20,0.0
2013-01-21,0.08437500149011612
2013-01-22,0.05333333412806193
2013-01-23,0.0
2013-01-24,0.0
2013-01-25,0.1111111127667957
2013-01-26,0.09629629497174863
2013-01-27,0.0
2013-01-28,0.3611111127667957
2013-01-29,0.40322581991072626
2013-01-30,0.048275863302165066
2013-01-31,1.0027777618832059
2013-02-01,0.42222220809371386
2013-02-02,0.011111111552626998
2013-02-03,0.1225806474685669
2013-02-04,0.03200000047683716
2013-02-05,0.016216216860590753
2013-02-06,0.00937500037252903
2013-02-07,0.0
2013-02-08,1.1355555401908026
2013-02-09,1.2108107821361438
2013-02-10,0.18399999618530274
2013-02-11,0.7912280601367616
2013-02-12,0.7999999788072374
2013-02-13,0.0
2013-02-14,0.04000000158945719
2013-02-15,0.0
2013-02-16,0.0
2013-02-17,0.0
2013-02-18,0.0
2013-02-19,0.33939394083890045
2013-02-20,0.26296295943083586
2013-02-21,0.0
2013-02-22,0.0
2013-02-23,0.7135135144800753
2013-02-24,0.42068965065068215
2013-02-25,0.03200000047683716
2013-02-26,0.10000000123319955
2013-02-27,1.1256410066898053
2013-02-28,0.5428571360451835
2013-03-01,0.0
2013-03-02,0.0
2013-03-03,0.0
2013-03-04,0.0
2013-03-05,0.0
2013-03-06,0.0
2013-03-07,0.05384615445748354
2013-03-08,0.4536585386206464
2013-03-09,0.32307692674490124
2013-03-10,0.0
2013-03-11,0.0
2013-03-12,1.6216215974575765
2013-03-13,1.2423076629638672
2013-03-14,0.0
2013-03-15,0.0
2013-03-16,0.04285714456013271
2013-03-17,0.05714285799435207
2013-03-18,0.5628571408135551
2013-03-19,1.6513513165551263
2013-03-20,0.6461538351499118
2013-03-21,0.0
2013-03-22,0.0
2013-03-23,0.0
2013-03-24,0.0
2013-03-25,0.37435897649862826
2013-03-26,0.5103448341632711
2013-03-27,0.0
2013-03-28,0.0
2013-03-29,0.0
2013-03-30,0.0
2013-03-31,0.1749999991485051
2013-04-01,0.3225806451612903
2013-04-02,0.0
2013-04-03,0.0
2013-04-04,0.0
2013-04-05,0.0
2013-04-06,0.0
2013-04-07,0.0
2013-04-08,0.0
2013-04-09,0.0
2013-04-10,0.5964285582304001
2013-04-11,1.8724137750165215
2013-04-12,1.4822222100363838
2013-04-13,1.841379332131353
2013-04-14,0.011111111552626998
2013-04-15,0.0
2013-04-16,0.0
2013-04-17,0.021428572280066355
2013-04-18,0.011111111552626998
2013-04-19,0.0
2013-04-20,0.590322575261516
2013-04-21,0.18399999618530274
2013-04-22,0.0
2013-04-23,0.0
2013-04-24,0.0
2013-04-25,0.0
2013-04-26,0.0
2013-04-27,0.0
2013-04-28,0.0
2013-04-29,0.11333333651224772
2013-04-30,0.0884615366275494
2013-05-01,0.0
2013-05-02,0.0
2013-05-03,0.0
2013-05-04,0.0
2013-05-05,0.0
2013-05-06,0.0
2013-05-07,0.0
2013-05-08,2.4512820411951113
2013-05-09,3.5545453158291904
2013-05-10,0.764000015258789
2013-05-11,0.7071428554398673
2013-05-12,0.35483869814103647
2013-05-13,0.02
2013-05-14,0.0
2013-05-15,0.03214285842009953
2013-05-16,0.06428571471146174
2013-05-17,0.0
2013-05-18,0.030000001192092896
2013-05-19,0.8027777795990308
2013-05-20,0.3939393831021858
2013-05-21,0.0
2013-05-22,0.0
2013-05-23,0.016666667328940496
2013-05-24,0.4435897446595706
2013-05-25,0.29999999964938445
2013-05-26,0.09285714157990047
2013-05-27,0.0
2013-05-28,1.2838709758174034
2013-05-29,0.9999999872275761
2013-05-30,0.0
2013-05-31,0.0
2013-06-01,0.0
2013-06-02,0.0
2013-06-03,0.8204545453190804
2013-06-04,0.6269230659191425
2013-06-05,0.0
2013-06-06,0.011538461996958805
2013-06-07,5.051162792499675
2013-06-08,5.543243292215708
2013-06-09,0.38799999237060545
2013-06-10,1.8692307812281144
2013-06-11,1.9028570979833603
2013-06-12,0.02
2013-06-13,1.2090909210118381
2013-06-14,2.2687500128522515
2013-06-15,0.15199999809265136
2013-06-16,0.0
2013-06-17,0.4499999987227576
2013-06-18,0.6406249962747097
2013-06-19,0.1899999976158142
2013-06-20,0.0
2013-06-21,0.0
2013-06-22,0.0
2013-06-23,0.03200000047683716
2013-06-24,0.11034482923047297
2013-06-25,0.0
2013-06-26,0.27586206896551724
2013-06-27,0.34117647260427475
2013-06-28,0.41999999682108563
2013-06-29,0.0
2013-06-30,0.05357142857142857
2013-07-01,1.5205128066814864
2013-07-02,1.0031249867752194
2013-07-03,0.8909090974114158
2013-07-04,0.2275862036080196
2013-07-05,0.0
2013-07-06,0.0
2013-07-07,0.0
2013-07-08,0.0
2013-07-09,0.0
2013-07-10,0.20000000072248053
2013-07-11,0.078125
2013-07-12,0.34571428511823926
2013-07-13,0.7517241445080988
2013-07-14,0.0
2013-07-15,0.0
2013-07-16,0.0
2013-07-17,0.0
2013-07-18,0.0
2013-07-19,0.0
2013-07-20,0.034482758620689655
2013-07-21,0.03571428571428571
2013-07-22,0.1529411791878588
2013-07-23,1.1272727287176885
2013-07-24,0.40799999237060547
2013-07-25,0.04000000158945719
2013-07-26,0.08666666795810064
2013-07-27,0.0
2013-07-28,0.028571428997176036
2013-07-29,0.2451612877268945
2013-07-30,0.0
2013-07-31,0.0
2013-08-01,1.0942857099430903
2013-08-02,1.3928571428571428
2013-08-03,0.0
2013-08-04,0.0
2013-08-05,0.0
2013-08-06,0.0
2013-08-07,0.0
2013-08-08,1.627777776784367
2013-08-09,0.699999972626015
2013-08-10,0.024000000953674317
2013-08-11,0.0
2013-08-12,1.3062500208616257
2013-08-13,2.028571417076247
2013-08-14,1.4185184902615018
2013-08-15,0.0
2013-08-16,0.0
2013-08-17,0.0
2013-08-18,0.0
2013-08-19,0.0
2013-08-20,0.0
2013-08-21,0.0
2013-08-22,0.15625000093132257
2013-08-23,0.15384615384615385
2013-08-24,0.0
2013-08-25,0.0
2013-08-26,0.0
2013-08-27,0.1258064527665415
2013-08-28,0.03200000047683716
2013-08-29,0.0
2013-08-30,0.0
2013-08-31,0.0
2013-09-01,0.044444444554823416
2013-09-02,0.016666666666666666
2013-09-03,0.03333333465788099
2013-09-04,0.012000000476837159
2013-09-05,0.0
2013-09-06,0.0
2013-09-07,0.0
2013-09-08,0.0
2013-09-09,0.0
2013-09-10,0.0
2013-09-11,0.0
2013-09-12,0.6242424213525021
2013-09-13,0.6793103485271849
2013-09-14,0.09199999809265137
2013-09-15,0.0
2013-09-16,0.05000000127724239
2013-09-17,0.038461538461538464
2013-09-18,0.0
2013-09-19,0.0
2013-09-20,0.0
2013-09-21,0.34999999882919447
2013-09-22,3.118749985471368
2013-09-23,1.18
2013-09-24,0.0
2013-09-25,0.0
2013-09-26,0.0
2013-09-27,0.0
2013-09-28,0.0
2013-09-29,0.0
2013-09-30,0.0
2013-10-01,0.0
2013-10-02,0.0
2013-10-03,0.0
2013-10-04,0.0
2013-10-05,0.03333333465788099
2013-10-06,0.009677419739384805
2013-10-07,0.645714282989502
2013-10-08,0.5076923003563514
2013-10-09,0.0
2013-10-10,0.0
2013-10-11,0.0
2013-10-12,0.0
2013-10-13,0.0
2013-10-14,0.0
2013-10-15,0.0
2013-10-16,0.0
2013-10-17,0.01666666716337204
2013-10-18,0.04137931198909365
2013-10-19,0.0
2013-10-20,0.0
2013-10-21,0.0
2013-10-22,0.0
2013-10-23,0.0
2013-10-24,0.0
2013-10-25,0.0
2013-10-26,0.0
2013-10-27,0.0
2013-10-28,0.0
2013-10-29,0.0
2013-10-30,0.0
2013-10-31,0.0
2013-11-01,0.3468749988824129
2013-11-02,0.13846153479356033
2013-11-03,0.0
2013-11-04,0.0
2013-11-05,0.0
2013-11-06,0.0
2013-11-07,0.3696969711419308
2013-11-08,0.2538461501781757
2013-11-09,0.0
2013-11-10,0.0
2013-11-11,0.0
2013-11-12,0.14166666815678278
2013-11-13,0.09999999633202186
2013-11-14,0.0
2013-11-15,0.0
2013-11-16,0.17586206978765026
2013-11-17,0.08461538492104946
2013-11-18,0.30303030303030304
2013-11-19,0.16399999618530273
2013-11-20,0.0
2013-11-21,0.0
2013-11-22,0.14848485002011963
2013-11-23,0.12413792774595063
2013-11-24,0.0
2013-11-25,0.0
2013-11-26,0.5787878781557083
2013-11-27,3.12272726947611
2013-11-28,1.5703703385812264
2013-11-29,0.0
2013-11-30,0.0
2013-12-01,0.0
2013-12-02,0.0
2013-12-03,0.0
2013-12-04,0.0
2013-12-05,0.02162162234654298
2013-12-06,0.6717391299164813
2013-12-07,1.2392857117312295
2013-12-08,0.2000000076368451
2013-12-09,0.46500000096857547
2013-12-10,0.7142857128665561
2013-12-11,0.5461538388178899
2013-12-12,0.0
2013-12-13,0.0
2013-12-14,0.4489361697689016
2013-12-15,3.127586208540818
2013-12-16,0.8319999694824218
2013-12-17,0.2642857152081671
2013-12-18,0.2538461501781757
2013-12-19,0.0
2013-12-20,0.0
2013-12-21,0.0
2013-12-22,0.0
2013-12-23,0.7690909087657929
2013-12-24,0.8678571156093052
2013-12-25,0.0
2013-12-26,0.0
2013-12-27,0.0
2013-12-28,0.0
2013-12-30,0.4999999933772617
2013-12-31,0.0
2014-01-01,0.0
2014-01-02,0.13421052772747843
2014-01-03,0.5486486505817723
2014-01-04,0.22692307371359605
2014-01-05,0.14324324517636686
2014-01-06,0.8365853665078559
2014-01-07,0.6296296119689941
2014-01-08,0.0
2014-01-09,0.0
2014-01-10,0.30227272754365747
2014-01-11,1.2214285779212202
2014-01-12,0.7357142588921955
2014-01-13,0.0
2014-01-14,1.291891891408611
2014-01-15,0.9166666666666666
2014-01-16,0.0
2014-01-17,0.0
2014-01-18,0.43888889625668526
2014-01-19,0.46923076189481294
2014-01-20,0.0
2014-01-21,0.33953488635462387
2014-01-22,0.3333333214124044
2014-01-23,0.012000000476837159
2014-01-24,0.0
2014-01-25,0.09090909181219159
2014-01-26,0.03333333333333333
2014-01-27,0.0
2014-01-28,0.0
2014-01-29,0.12580645420858938
2014-01-30,0.051999998092651364
2014-01-31,0.0
2014-02-01,0.0
2014-02-02,0.0
2014-02-03,1.7511627830045169
2014-02-04,1.8333333333333333
2014-02-05,2.236000018417835
2014-02-06,1.5888888747603804
2014-02-07,0.0
2014-02-08,0.0
2014-02-09,0.24375000037252903
2014-02-10,0.3555555520234285
2014-02-11,0.0
2014-02-12,0.0
2014-02-13,2.008333330973983
2014-02-14,1.4033333082993826
2014-02-15,0.27045454559001053
2014-02-16,0.21851851542790732
2014-02-17,0.0
2014-02-18,0.3914285715137209
2014-02-19,0.9999999962747097
2014-02-20,0.6000000068119594
2014-02-21,0.35789473864593
2014-02-22,0.26538460988264817
2014-02-23,0.0
2014-02-24,0.07241379392558131
2014-02-25,0.02
2014-02-26,0.08500000089406967
2014-02-27,0.048484849207329025
2014-02-28,0.0
2014-03-01,0.0
2014-03-02,0.0
2014-03-03,0.08181818371469324
2014-03-04,0.05000000045849727
2014-03-05,0.0
2014-03-06,0.0
2014-03-07,0.0
2014-03-08,0.0
2014-03-09,0.0
2014-03-10,0.0
2014-03-11,0.0
2014-03-12,0.2558823521522915
2014-03-13,0.4142857108797346
2014-03-14,0.0
2014-03-15,0.03333333465788099
2014-03-16,0.012000000476837159
2014-03-17,0.0
2014-03-18,0.0
2014-03-19,0.28965517827149095
2014-03-20,1.9374999776482582
2014-03-21,0.0
2014-03-22,0.0
2014-03-23,0.0
2014-03-24,0.0
2014-03-25,0.0
2014-03-26,0.0
2014-03-27,0.0
2014-03-28,0.0
2014-03-29,2.62857141324452
2014-03-30,4.517073171167839
2014-03-31,0.8631578950505507
2014-04-01,0.27307692857889027
2014-04-02,0.06153846245545607
2014-04-03,0.08076923168622531
2014-04-04,0.28055555787351394
2014-04-05,0.15483871054264806
2014-04-06,0.0
2014-04-07,0.5580645165135784
2014-04-08,1.0512820405837817
2014-04-09,0.2560000038146973
2014-04-10,0.0
2014-04-11,0.0
2014-04-12,0.0
2014-04-13,0.0
2014-04-14,0.0
2014-04-15,0.719047619118577
2014-04-16,1.172727270559831
2014-04-17,0.08
2014-04-18,0.0
2014-04-19,0.0
2014-04-20,0.0
2014-04-21,0.0
2014-04-22,0.0
2014-04-23,0.0
2014-04-24,0.0
2014-04-25,0.0
2014-04-26,1.371794872941115
2014-04-27,0.682142857994352
2014-04-28,0.0
2014-04-29,0.07241379392558131
2014-04-30,5.214634126279412
2014-05-01,6.643243267729476
2014-05-02,0.25172413628676843
2014-05-03,0.011111111552626998
2014-05-04,0.0
2014-05-05,0.0
2014-05-06,0.0
2014-05-07,0.0
2014-05-08,0.730555554644929
2014-05-09,0.40294117086073933
2014-05-10,1.6585365795507663
2014-05-11,1.024137940900079
2014-05-12,0.02
2014-05-13,0.0
2014-05-14,0.0
2014-05-15,0.25333333214124043
2014-05-16,1.2078947264112925
2014-05-17,3.0933333337306976
2014-05-18,0.0
2014-05-19,0.0
2014-05-20,0.0
2014-05-21,0.0
2014-05-22,0.6763157911206547
2014-05-23,0.6655172500117071
2014-05-24,0.7878788005221974
2014-05-25,0.0821428554398673
2014-05-26,0.0
2014-05-27,0.0
2014-05-28,0.0
2014-05-29,0.0
2014-05-30,0.03200000047683716
2014-05-31,0.10666666825612386
2014-06-01,0.0
2014-06-02,0.0
2014-06-03,0.0
2014-06-04,0.0
2014-06-05,1.013888889716731
2014-06-06,0.773076919408945
2014-06-07,0.0
2014-06-08,0.0
2014-06-09,1.9444444477558136
2014-06-10,1.5615384762103741
2014-06-11,0.0
2014-06-12,0.010344827997273412
2014-06-13,2.0909090641547334
2014-06-14,1.9285714285714286
2014-06-15,0.0
2014-06-16,0.0
2014-06-17,0.0
2014-06-18,0.0
2014-06-19,0.1300000011920929
2014-06-20,0.08076922939373897
2014-06-21,0.0
2014-06-22,0.0
2014-06-23,0.0
2014-06-24,0.0
2014-06-25,0.0
2014-06-26,0.2677419325036387
2014-06-27,0.02
2014-06-28,0.0
2014-06-29,0.0
2014-06-30,0.0
2014-07-01,0.0
2014-07-02,1.2374999900348485
2014-07-03,2.0531250089406967
2014-07-04,1.4514285466500692
2014-07-05,0.6230769524207482
2014-07-06,0.0
2014-07-07,0.0
2014-07-08,0.0
2014-07-09,0.0
2014-07-10,0.1100000023841858
2014-07-11,0.03200000047683716
2014-07-12,0.0
2014-07-13,0.0
2014-07-14,2.3078947412340263
2014-07-15,6.971794883792217
2014-07-16,1.9848485322612706
2014-07-17,0.02307692399391761
2014-07-18,0.0
2014-07-19,0.0
2014-07-20,0.0
2014-07-21,0.0
2014-07-22,0.0
2014-07-23,0.019230769803890817
2014-07-24,0.07500000085149493
2014-07-25,0.0
2014-07-26,0.15925925749319572
2014-07-27,0.11034482717514038
2014-07-28,1.2393939413807609
2014-07-29,0.52
2014-07-30,0.0
2014-07-31,0.0
2014-08-01,0.0
2014-08-02,0.9272727284467581
2014-08-03,0.48620688915252686
2014-08-04,0.11923076785527743
2014-08-05,0.0
2014-08-06,0.0
2014-08-07,0.0
2014-08-08,0.0
2014-08-09,0.0
2014-08-10,0.0
2014-08-11,0.0
2014-08-12,0.08275861986752214
2014-08-13,6.3549999877810475
2014-08-14,2.9230768038676334
2014-08-15,0.0
2014-08-16,0.0
2014-08-17,0.0
2014-08-18,0.0
2014-08-19,0.0
2014-08-20,0.0
2014-08-21,0.0
2014-08-22,0.8727272861834728
2014-08-23,0.13571428401129587
2014-08-24,0.0
2014-08-25,0.0
2014-08-26,0.0
2014-08-27,0.0
2014-08-28,0.0
2014-08-29,0.0
2014-08-30,0.0
2014-08-31,0.19999999872275762
2014-09-01,0.18666666348775227
2014-09-02,0.0
2014-09-03,0.0
2014-09-04,0.0
2014-09-05,0.0
2014-09-06,0.022222223105253996
2014-09-07,0.09285714370863778
2014-09-08,0.0
2014-09-09,0.0
2014-09-10,0.0
2014-09-11,0.0
2014-09-12,0.0
2014-09-13,0.7999999997290698
2014-09-14,0.5642857210976737
2014-09-15,0.0
2014-09-16,0.7033333301544189
2014-09-17,1.414285693849836
2014-09-18,0.0
2014-09-19,0.0
2014-09-20,0.0
2014-09-21,1.8562499834224582
2014-09-22,0.22962963801843148
2014-09-23,0.0
2014-09-24,0.0
2014-09-25,0.4696969696969697
2014-09-26,0.36923077473273647
2014-09-27,0.0
2014-09-28,0.0
2014-09-29,0.0
2014-09-30,0.03750000009313226
2014-10-01,0.048275863302165066
2014-10-02,0.0
2014-10-03,0.0
2014-10-04,1.4499999941326678
2014-10-05,1.319230739886944
2014-10-06,0.0
2014-10-07,0.0
2014-10-08,0.10714285927159446
2014-10-09,0.02
2014-10-10,0.0
2014-10-11,0.9225806401621911
2014-10-12,0.6230769157409668
2014-10-13,0.09999999900658925
2014-10-14,0.2857142857142857
2014-10-15,0.03448275964835595
2014-10-16,1.9244444456365373
2014-10-17,0.7807692014254056
2014-10-18,0.0
2014-10-19,0.0
2014-10-20,0.0
2014-10-21,0.12142857270581382
2014-10-22,2.628205112921886
2014-10-23,1.523076885785812
2014-10-24,0.13571428614003317
2014-10-25,0.0
2014-10-26,0.0
2014-10-27,0.0
2014-10-28,0.0
2014-10-29,0.06153846245545607
2014-10-30,0.05714285799435207
2014-10-31,0.012000000476837159
2014-11-01,1.8735294026487015
2014-11-02,1.9172413924644733
2014-11-03,0.0
2014-11-04,0.0
2014-11-05,0.0
2014-11-06,0.7368421060474295
2014-11-07,0.6714285612106323
2014-11-08,0.0
2014-11-09,0.0
2014-11-10,0.0
2014-11-11,0.0
2014-11-12,0.0
2014-11-13,0.14137930911162805
2014-11-14,0.3193548379405852
2014-11-15,0.07199999809265137
2014-11-16,0.0
2014-11-17,2.515999998450279
2014-11-18,2.1925925502070673
2014-11-19,0.0
2014-11-20,0.0
2014-11-21,0.0
2014-11-22,0.0
2014-11-23,0.0
2014-11-24,0.9142857108797345
2014-11-25,0.4961538314819336
2014-11-26,1.8750000016933137
2014-11-27,0.7972222127848201
2014-11-28,0.030769231227728035
2014-11-29,0.0
2014-11-30,0.0
2014-12-01,0.12222222266373811
2014-12-02,0.23939393867145886
2014-12-03,0.4675000008195639
2014-12-04,0.27307691940894496
2014-12-05,0.6827586175038897
2014-12-06,2.7906976830820707
2014-12-07,1.5571428558656148
2014-12-08,0.04999999816601093
2014-12-09,5.594871801443589
2014-12-10,1.9318181164562702
2014-12-11,0.09333333174387613
2014-12-12,0.0
2014-12-13,0.0
2014-12-14,0.0
2014-12-15,0.0
2014-12-16,0.6312500033527613
2014-12-17,0.5258064500747188
2014-12-18,0.030769231227728035
2014-12-19,0.0
2014-12-20,0.0
2014-12-21,0.0
2014-12-22,0.05000000121071935
2014-12-23,0.4076923105197075
2014-12-24,2.1382978954847824
2014-12-25,0.9000000239295118
2014-12-26,0.0692307696892665
2014-12-27,0.0
2014-12-29,2.302631575810282
2014-12-30,2.2222222222222223
2014-12-31,0.0
2015-01-01,0.0
2015-01-02,0.0
2015-01-03,1.444117646006977
2015-01-04,1.6452380872908092
2015-01-05,0.9629629629629629
2015-01-06,0.16578947478219083
2015-01-07,0.13846153479356033
2015-01-08,0.0
2015-01-09,0.10625000111758709
2015-01-10,0.0999999986245082
2015-01-11,0.0
2015-01-12,1.2785714268684387
2015-01-13,1.329629573557112
2015-01-14,0.0
2015-01-15,0.0
2015-01-16,0.0
2015-01-17,0.0
2015-01-18,2.6760869515330894
2015-01-19,2.844827481384935
2015-01-20,0.0
2015-01-21,0.0
2015-01-22,0.0
2015-01-23,0.0
2015-01-24,1.295121950347249
2015-01-25,0.8230769359148465
2015-01-26,0.26511628024799877
2015-01-27,0.407692300203519
2015-01-28,0.33461538874186003
2015-01-29,0.0
2015-01-30,0.1181818215232907
2015-01-31,0.05000000045849727
2015-02-01,0.037931035304891655
2015-02-02,1.7000000057171802
2015-02-03,1.5346153699434721
2015-02-04,0.0
2015-02-05,0.0
2015-02-06,0.0
2015-02-07,0.0
2015-02-08,0.0
2015-02-09,0.29250000044703484
2015-02-10,0.15172413556740202
2015-02-11,0.0
2015-02-12,0.0
2015-02-13,0.0
2015-02-14,0.03225806547749427
2015-02-15,0.030000001192092896
2015-02-16,0.012000000476837159
2015-02-17,0.37352941360543757
2015-02-18,0.19310345526399283
2015-02-19,0.0
2015-02-20,0.0
2015-02-21,0.8512820513584675
2015-02-22,1.1861111116078165
2015-02-23,0.21538461171663725
2015-02-24,0.0
2015-02-25,0.0
2015-02-26,0.0
2015-02-27,0.0
2015-02-28,0.0
2015-03-01,0.8902439009852525
2015-03-02,0.5172413793103449
2015-03-03,1.0674999985843896
2015-03-04,1.2749999794695113
2015-03-05,1.3245282999749453
2015-03-06,1.1851851851851851
2015-03-07,0.0
2015-03-08,0.0
2015-03-09,0.05357143070016589
2015-03-10,0.5181818170980974
2015-03-11,1.1030302941799164
2015-03-12,0.02
2015-03-13,0.0
2015-03-14,1.8186046564301779
2015-03-15,1.9857142993382044
2015-03-16,0.0
2015-03-17,0.05517241461523648
2015-03-18,0.03571428571428571
2015-03-19,0.0
2015-03-20,0.6111111086275842
2015-03-21,0.37812498956918716
2015-03-22,0.02
2015-03-23,0.0
2015-03-24,0.0
2015-03-25,0.1586206909911386
2015-03-26,0.7078947373910954
2015-03-27,0.658823533969767
2015-03-28,0.20000000657706424
2015-03-29,0.0
2015-03-30,0.0
2015-03-31,0.058823529850034154
2015-04-01,0.07857143027441842
2015-04-02,0.0
2015-04-03,0.1432432435654305
2015-04-04,0.12258064362310594
2015-04-05,0.0
2015-04-06,0.0
2015-04-07,0.06333333452542624
2015-04-08,0.0542857153075082
2015-04-09,0.027272728356448086
2015-04-10,0.2805555562178294
2015-04-11,0.1961538539482997
2015-04-12,0.0
2015-04-13,0.0
2015-04-14,0.11071428656578064
2015-04-15,0.07692307692307693
2015-04-16,0.0
2015-04-17,0.1843750011175871
2015-04-18,0.11199999809265136
2015-04-19,0.0
2015-04-20,1.0399999991059303
2015-04-21,1.4315789734062396
2015-04-22,0.6516128989957994
2015-04-23,0.35555556968406393
2015-04-24,0.0
2015-04-25,0.0
2015-04-26,0.0
2015-04-27,0.0
2015-04-28,0.0
2015-04-29,0.0
2015-04-30,0.0
2015-05-01,0.0
2015-05-02,0.0
2015-05-03,0.0
2015-05-04,0.0
2015-05-05,0.0
2015-05-06,0.0
2015-05-07,0.0
2015-05-08,0.0
2015-05-09,0.045454545454545456
2015-05-10,0.018518518518518517
2015-05-11,0.0
2015-05-12,0.02812500111758709
2015-05-13,0.012000000476837159
2015-05-14,0.0
2015-05-15,0.0
2015-05-16,0.7222222205665376
2015-05-17,1.1464285509926933
2015-05-18,0.0
2015-05-19,0.0
2015-05-20,0.0
2015-05-21,0.0
2015-05-22,0.0
2015-05-23,0.0
2015-05-24,0.0
2015-05-25,0.0
2015-05-26,0.0
2015-05-27,0.0
2015-05-28,0.0
2015-05-29,0.0
2015-05-30,0.0
2015-05-31,0.04642857291868755
2015-06-01,1.4027777744664087
2015-06-02,1.3256410077596321
2015-06-03,0.3548387231365327
2015-06-04,0.0
2015-06-05,0.0
2015-06-06,0.3354838701986497
2015-06-07,0.20399999618530273
2015-06-08,0.0
2015-06-09,0.046875
2015-06-10,0.0
2015-06-11,0.0
2015-06-12,0.0
2015-06-13,0.0
2015-06-14,0.06666666490060312
2015-06-15,3.2476190342789604
2015-06-16,1.314814841305768
2015-06-17,0.15384615384615385
2015-06-18,0.0
2015-06-19,0.0
2015-06-20,0.7562499959021807
2015-06-21,1.2029411849730156
2015-06-22,0.773076919408945
2015-06-23,0.03571428571428571
2015-06-24,0.03571428571428571
2015-06-25,0.0
2015-06-26,0.0
2015-06-27,0.6833333258827528
2015-06-28,2.5648648545548722
2015-06-29,0.3039999961853027
2015-06-30,0.0
2015-07-01,0.7437499985098839
2015-07-02,0.2959999966621399
2015-07-03,0.11428571598870414
2015-07-04,0.03214285842009953
2015-07-05,0.02307692399391761
2015-07-06,0.0
2015-07-07,0.0
2015-07-08,1.2062500044703484
2015-07-09,0.9281250014901161
2015-07-10,1.1103448538944638
2015-07-11,0.0
2015-07-12,0.0
2015-07-13,0.0
2015-07-14,0.30526315852215413
2015-07-15,0.282352939248085
2015-07-16,0.07692307692307693
2015-07-17,0.0
2015-07-18,0.05357142857142857
2015-07-19,0.038461538461538464
2015-07-20,0.0
2015-07-21,0.0
2015-07-22,0.0
2015-07-23,0.0
2015-07-24,0.0
2015-07-25,0.0
2015-07-26,0.0
2015-07-27,0.0
2015-07-28,0.0
2015-07-29,0.0
2015-07-30,2.5135135135135136
2015-07-31,1.8923077216515174
2015-08-01,0.0
2015-08-02,0.0
2015-08-03,0.0
2015-08-04,0.0379310358187248
2015-08-05,0.012000000476837159
2015-08-06,0.0
2015-08-07,0.0
2015-08-08,0.0
2015-08-09,0.0
2015-08-10,0.0
2015-08-11,2.537837831152452
2015-08-12,1.4000000423855252
2015-08-13,0.0
2015-08-14,0.0
2015-08-15,0.0
2015-08-16,0.0
2015-08-17,0.0
2015-08-18,0.0
2015-08-19,0.0
2015-08-20,0.0
2015-08-21,5.802564134964576
2015-08-22,2.3333333333333335
2015-08-23,0.0
2015-08-24,0.0
2015-08-25,0.02307692399391761
2015-08-26,0.012000000476837159
2015-08-27,0.0
2015-08-28,0.0
2015-08-29,0.0
2015-08-30,0.0
2015-08-31,0.0
2015-09-01,0.0
2015-09-02,0.0
2015-09-03,0.0
2015-09-04,0.0
2015-09-05,0.0
2015-09-06,0.0
2015-09-07,0.0
2015-09-08,0.0
2015-09-09,0.05555555555555555
2015-09-10,2.124999998984012
2015-09-11,1.2428571432828903
2015-09-12,0.687096782749699
2015-09-13,0.30000000447034836
2015-09-14,0.0692307696892665
2015-09-15,0.0
2015-09-16,0.0
2015-09-17,0.0
2015-09-18,0.0
2015-09-19,0.0
2015-09-20,0.0
2015-09-21,0.0
2015-09-22,0.0
2015-09-23,0.0
2015-09-24,0.0
2015-09-25,0.0
2015-09-26,0.0
2015-09-27,0.0
2015-09-28,0.07692307692307693
2015-09-29,0.03125
2015-09-30,2.2757575927358684
2015-10-01,0.8124999767169356
2015-10-02,2.879487184377817
2015-10-03,1.8399999936421711
2015-10-04,0.16399999618530273
2015-10-05,0.0
2015-10-06,0.0
2015-10-07,0.0
2015-10-08,0.0
2015-10-09,0.5799999957283338
2015-10-10,0.5071428503308978
2015-10-11,0.0
2015-10-12,0.0
2015-10-13,0.0
2015-10-14,0.0
2015-10-15,0.0
2015-10-16,0.0
2015-10-17,0.0
2015-10-18,0.0
2015-10-19,0.0
2015-10-20,0.0
2015-10-21,0.0
2015-10-22,0.0
2015-10-23,0.0
2015-10-24,0.0
2015-10-25,0.034482758620689655
2015-10-26,0.02
2015-10-27,0.0
2015-10-28,1.2499999962747097
2015-10-29,3.9499999769032
2015-10-30,0.06
2015-10-31,0.0
2015-11-01,0.0
2015-11-02,0.0
2015-11-03,0.0
2015-11-04,0.0
2015-11-05,0.021428572280066355
2015-11-06,0.022222223105253996
2015-11-07,0.0
2015-11-08,0.0
2015-11-09,0.0
2015-11-10,0.8083333310981592
2015-11-11,0.5909090814265338
2015-11-12,0.20606060642184634
2015-11-13,0.09629629276416919
2015-11-14,0.0
2015-11-15,0.0
2015-11-16,0.0
2015-11-17,0.0
2015-11-18,0.0
2015-11-19,0.8945945976553736
2015-11-20,1.3899999856948853
2015-11-21,0.0
2015-11-22,0.0
2015-11-23,0.0
2015-11-24,0.0
2015-11-25,0.0
2015-11-26,0.0
2015-11-27,0.0
2015-11-28,0.048275863302165066
2015-11-29,0.019230769230769232
2015-11-30,0.0
2015-12-01,0.5410256443115381
2015-12-02,0.44250000528991223
2015-12-03,0.2037037037037037
2015-12-04,0.0
2015-12-05,0.0
2015-12-06,0.0
2015-12-07,0.0
2015-12-08,0.0
2015-12-09,0.0
2015-12-10,0.0
2015-12-11,0.0
2015-12-12,0.0
2015-12-13,0.0
2015-12-14,0.5885714326586042
2015-12-15,0.9466666797796885
2015-12-16,0.15624999906867743
2015-12-17,2.2361111127667956
2015-12-18,2.0689655706800263
2015-12-19,0.02307692399391761
2015-12-20,0.0
2015-12-21,0.0
2015-12-22,0.3694444460173448
2015-12-23,2.374285711986678
2015-12-24,2.154838711984696
2015-12-25,0.1560975622113158
2015-12-26,0.11785714328289032
2015-12-28,0.12592592725047358
2015-12-29,0.09999999633202186
2015-12-30,0.0
2015-12-31,0.0
2016-01-01,0.06
2016-01-02,0.0
2016-01-03,0.0
2016-01-04,0.0
2016-01-05,0.0
2016-01-06,0.0
2016-01-07,0.0
2016-01-08,0.0
2016-01-09,0.02307692399391761
2016-01-10,2.313513522615304
2016-01-11,1.6629629488344546
2016-01-12,0.0
2016-01-13,0.0
2016-01-14,0.0
2016-01-15,0.0
2016-01-16,0.7212121184125091
2016-01-17,0.36874998919665813
2016-01-18,0.08124999701976776
2016-01-19,0.0
2016-01-20,0.0
2016-01-21,0.0
2016-01-22,0.0
2016-01-23,1.2711111108462017
2016-01-24,2.4999998986721037
2016-01-25,0.0
2016-01-26,0.0
2016-01-27,0.0
2016-01-28,0.0
2016-01-29,0.0
2016-01-30,0.0
2016-01-31,0.0
2016-02-01,0.0
2016-02-02,0.0
2016-02-03,0.9058823537300614
2016-02-04,0.4030302979729392
2016-02-05,0.6170731753837772
2016-02-06,0.8576922783484826
2016-02-07,0.0
2016-02-08,0.16923077022417998
2016-02-09,0.13225806143976027
2016-02-10,0.04516129147621893
2016-02-11,0.017241379310344827
2016-02-12,0.0
2016-02-13,0.0
2016-02-14,1.1111111111111112
2016-02-15,0.0
2016-02-16,2.6333332889609866
2016-02-17,0.4759999847412109
2016-02-18,0.0
2016-02-19,0.0
2016-02-20,0.0
2016-02-21,0.15185185273488364
2016-02-22,0.2222222222222222
2016-02-23,0.5382352962213404
2016-02-24,1.7777777867184745
2016-02-25,1.0212121443314985
2016-02-26,0.038461538461538464
2016-02-27,0.0
2016-02-28,0.0
2016-02-29,0.13846153708604667
2016-03-01,0.11538461538461539
2016-03-02,0.27741935272370616
2016-03-03,0.16399999618530273
2016-03-04,0.2729729740200816
2016-03-05,0.1769230732550988
2016-03-06,0.0
2016-03-07,0.0
2016-03-08,0.0
2016-03-09,0.0
2016-03-10,0.0
2016-03-11,0.051724138444867625
2016-03-12,0.02
2016-03-13,0.0
2016-03-14,0.8416666645142767
2016-03-15,0.43103447042662524
2016-03-16,0.028571429529360363
2016-03-17,0.022222223105253996
2016-03-18,0.0
2016-03-19,0.0
2016-03-20,0.010000000397364298
2016-03-21,0.3064516157873215
2016-03-22,0.09199999809265137
2016-03-23,0.0
2016-03-24,0.0
2016-03-25,0.0
2016-03-26,0.0
2016-03-27,0.0
2016-03-28,0.9444444432026811
2016-03-29,0.6730769230769231
2016-03-30,0.0
2016-03-31,0.0
2016-04-01,0.050000001676380634
2016-04-02,0.24999999403953552
2016-04-03,0.4406250030733645
2016-04-04,0.7121212139274135
2016-04-05,0.5714285884584699
2016-04-06,0.0
2016-04-07,0.15151515196670184
2016-04-08,0.10714285714285714
2016-04-09,0.19666666785875955
2016-04-10,0.1769230732550988
2016-04-11,0.0
2016-04-12,0.45588235513252373
2016-04-13,0.32307692674490124
2016-04-14,0.0
2016-04-15,0.0
2016-04-16,0.0
2016-04-17,0.0
2016-04-18,0.0
2016-04-19,0.0
2016-04-20,0.0
2016-04-21,0.0
2016-04-22,0.0
2016-04-23,0.3032258076052512
2016-04-24,0.12692307738157418
2016-04-25,0.0
2016-04-26,0.12352941185235977
2016-04-27,0.057692307692307696
2016-04-28,0.0
2016-04-29,0.010714286140033178
2016-04-30,0.11428571598870414
2016-05-01,0.4636363639976039
2016-05-02,0.421428565468107
2016-05-03,1.4257142837558474
2016-05-04,0.7000000100386771
2016-05-05,0.13846153479356033
2016-05-06,1.4757575699777314
2016-05-07,0.5580644915180821
2016-05-08,0.2838709686071642
2016-05-09,0.18461538278139555
2016-05-10,0.0
2016-05-11,0.0
2016-05-12,0.0
2016-05-13,0.5416666641831398
2016-05-14,0.41290323195918915
2016-05-15,0.0
2016-05-16,0.0
2016-05-17,0.0
2016-05-18,0.02307692399391761
2016-05-19,0.044827586617963065
2016-05-20,0.0
2016-05-21,0.07037037169491803
2016-05-22,0.3258064523819954
2016-05-23,0.06
2016-05-24,0.6999999973922968
2016-05-25,0.3423077074381021
2016-05-26,0.0
2016-05-27,0.0
2016-05-28,0.0
2016-05-29,0.0
2016-05-30,2.4333333112299442
2016-05-31,1.038461568263861
2016-06-01,0.0
2016-06-02,0.0
2016-06-03,0.029032259218154416
2016-06-04,0.02307692399391761
2016-06-05,1.3852941008175121
2016-06-06,1.2857142857142858
2016-06-07,0.0
2016-06-08,1.7741935637689406
2016-06-09,1.292307633620042
2016-06-10,0.0
2016-06-11,0.0
2016-06-12,0.0
2016-06-13,0.0
2016-06-14,0.0
2016-06-15,0.0
2016-06-16,0.09354839017314295
2016-06-17,0.05000000045849727
2016-06-18,0.0
2016-06-19,0.0
2016-06-20,0.0
2016-06-21,0.0
2016-06-22,0.0
2016-06-23,0.0
2016-06-24,0.0
2016-06-25,0.0
2016-06-26,0.0
2016-06-27,0.02
2016-06-28,0.5733333309491475
2016-06-29,0.14399999618530274
2016-06-30,0.0
2016-07-01,1.04864864937357
2016-07-02,0.8714285450322288
2016-07-03,0.0
2016-07-04,0.0
2016-07-05,2.6771428304059164
2016-07-06,0.4759999847412109
2016-07-07,0.15185185273488364
2016-07-08,0.18275861750388966
2016-07-09,0.057692307692307696
2016-07-10,1.073529420530095
2016-07-11,0.0
2016-07-12,0.0
2016-07-13,0.0
2016-07-14,0.6741935514634655
2016-07-15,0.5461538388178899
2016-07-16,0.17241379361728143
2016-07-17,0.13846153479356033
2016-07-18,0.6233333428700765
2016-07-19,0.3285714217594692
2016-07-20,0.0
2016-07-21,0.0
2016-07-22,0.0
2016-07-23,0.0
2016-07-24,0.0
2016-07-25,5.149999964982271
2016-07-26,4.517857198204313
2016-07-27,0.0
2016-07-28,0.0
2016-07-29,1.3514285828386035
2016-07-30,1.2156249936670065
2016-07-31,0.7363636331124739
2016-08-01,1.3892856878893716
2016-08-02,0.0
2016-08-03,0.0
2016-08-04,0.0
2016-08-05,0.0
2016-08-06,0.0
2016-08-07,0.18399999618530274
2016-08-08,0.0
2016-08-09,0.0
2016-08-10,0.0
2016-08-11,0.056521737057229744
2016-08-12,0.08333333333333333
2016-08-13,0.012000000476837159
2016-08-14,0.0
2016-08-15,0.012000000476837159
2016-08-16,0.0
2016-08-17,0.0
2016-08-18,0.013636364178224043
2016-08-19,0.013636364178224043
2016-08-20,0.0
2016-08-21,0.04210526378531205
2016-08-22,0.28695651759272034
2016-08-23,0.0
2016-08-24,0.0
2016-08-25,0.0
2016-08-26,0.0
2016-08-27,0.0
2016-08-28,0.0
2016-08-29,0.0
2016-08-30,0.0
2016-08-31,0.0
2016-09-01,0.0
2016-09-02,0.5079999923706054
2016-09-03,0.0
2016-09-04,0.0
2016-09-05,0.0
2016-09-06,0.06153846245545607
2016-09-07,0.5766666670640309
2016-09-08,0.012000000476837159
2016-09-09,0.0
2016-09-10,0.0
2016-09-11,0.0
2016-09-12,0.0
2016-09-13,0.0
2016-09-14,1.417241359579152
2016-09-15,0.7785714013235909
2016-09-16,0.0
2016-09-17,0.0
2016-09-18,0.0
2016-09-19,2.0142857251422748
2016-09-20,1.7750000272478377
2016-09-21,0.0
2016-09-22,0.0
2016-09-23,0.0
2016-09-24,0.6333333398356582
2016-09-25,0.29600000381469727
2016-09-26,0.0
2016-09-27,0.5193548394787696
2016-09-28,0.17037036683824328
2016-09-29,0.0
2016-09-30,0.6076923089149671
2016-10-01,0.5892857142857143
2016-10-02,0.02812500111758709
2016-10-03,0.0
2016-10-04,0.0
2016-10-05,0.0
2016-10-06,0.0
2016-10-07,0.0
2016-10-08,0.6558823528535226
2016-10-09,2.3714285612106325
2016-10-10,1.1678571019853865
2016-10-11,0.0
2016-10-12,0.0
2016-10-13,0.03333333465788099
2016-10-14,0.02307692399391761
2016-10-15,0.0
2016-10-16,0.0
2016-10-17,0.0
2016-10-18,0.0
2016-10-19,0.0
2016-10-20,0.0
2016-10-21,1.518918915374859
2016-10-22,1.3472222122881148
2016-10-23,0.4999999829701015
2016-10-24,0.0
2016-10-25,0.0
2016-10-26,0.0
2016-10-27,0.9181818153822061
2016-10-28,1.1275861941534897
2016-10-29,0.0
2016-10-30,0.30357142644269125
2016-10-31,0.27142856802259174
2016-11-01,0.0
2016-11-02,0.0
2016-11-03,0.0
2016-11-04,0.0
2016-11-05,0.0
2016-11-06,0.0
2016-11-07,0.0
2016-11-08,0.0
2016-11-09,0.031250000931322575
2016-11-10,0.02307692399391761
2016-11-11,0.0
2016-11-12,0.0
2016-11-13,0.0
2016-11-14,0.0
2016-11-15,2.282500001788139
2016-11-16,2.0807692454411435
2016-11-17,0.0
2016-11-18,0.0
2016-11-19,0.030769231227728035
2016-11-20,0.6781250052154064
2016-11-21,0.2300000031789144
2016-11-22,0.0
2016-11-23,0.0
2016-11-24,0.0
2016-11-25,0.0
2016-11-26,0.0
2016-11-27,0.0
2016-11-28,0.0
2016-11-29,2.6804877981180097
2016-11-30,2.755263076801049
2016-12-01,0.5281249955296516
2016-12-02,0.03200000047683716
2016-12-03,0.0
2016-12-04,0.0
2016-12-05,0.603846149948927
2016-12-06,0.996774188933834
2016-12-07,0.6799999909741538
2016-12-08,0.07199999809265137
2016-12-09,0.0
2016-12-10,0.0
2016-12-11,0.03666666746139526
2016-12-12,1.2382352886831058
2016-12-13,0.6423076849717361
2016-12-14,0.0
2016-12-15,0.0
2016-12-16,0.0
2016-12-17,1.6699999928474427
2016-12-18,0.6588235076736001
2016-12-19,0.06153846016296974
2016-12-20,0.0
2016-12-21,0.0
2016-12-22,0.0
2016-12-23,0.0
2016-12-24,1.2593750008381903
2016-12-25,1.1692307545588567
2016-12-26,0.0
2016-12-27,0.10322580774945597
2016-12-28,0.08448275820962314
2016-12-29,1.033802815096479
2016-12-30,0.8017543888928598
2016-12-31,0.5981481428499575
2017-01-01,0.0
2017-01-02,0.6111111115250323
2017-01-03,1.137142857483455
2017-01-04,0.47142856461661203
2017-01-05,0.0
2017-01-06,0.07647058937479467
2017-01-07,0.4295454573902217
2017-01-08,0.43571427890232634
2017-01-09,0.0
2017-01-10,0.0
2017-01-11,0.7999999970197678
2017-01-12,0.8866666575272878
2017-01-13,0.1
2017-01-14,0.286363636566834
2017-01-15,0.3111111080204999
2017-01-16,0.0
2017-01-17,1.0470588316812235
2017-01-18,0.8193548379405853
2017-01-19,0.09199999809265137
2017-01-20,0.15862069047730545
2017-01-21,0.15925925970077515
2017-01-22,0.030000001192092896
2017-01-23,1.256666656335195
2017-01-24,3.022499966993928
2017-01-25,1.9666666807951751
2017-01-26,0.06785714413438525
2017-01-27,0.059259260142291034
2017-01-28,0.0
2017-01-29,0.0
2017-01-30,0.0
2017-01-31,0.10232558361319609
2017-02-01,0.09999999633202186
2017-02-02,0.0
2017-02-03,0.0
2017-02-04,0.0
2017-02-05,0.0
2017-02-06,0.0
2017-02-07,0.20645161213413363
2017-02-08,0.09259259259259259
2017-02-09,1.0395348817110062
2017-02-10,0.9518518271269621
2017-02-11,0.0
2017-02-12,0.632558137178421
2017-02-13,0.3642857074737549
2017-02-14,0.0
2017-02-15,0.0
2017-02-16,0.0
2017-02-17,0.0
2017-02-18,0.0
2017-02-19,0.0
2017-02-20,0.0
2017-02-21,0.0
2017-02-22,0.0
2017-02-23,0.0
2017-02-24,0.0
2017-02-25,0.9187499941326678
2017-02-26,0.8962963245533131
2017-02-27,0.0
2017-02-28,0.0
2017-03-01,0.01875000074505806
2017-03-02,0.02307692399391761
2017-03-03,0.0
2017-03-04,0.0
2017-03-05,0.0
2017-03-06,0.0
2017-03-07,0.21875
2017-03-08,0.1906249993480742
2017-03-09,0.051999998092651364
2017-03-10,0.4973684204252143
2017-03-11,0.4888888818246347
2017-03-12,0.0
2017-03-13,0.0
2017-03-14,2.542000013887882
2017-03-15,2.6551724137931036
2017-03-16,0.0
2017-03-17,0.0
2017-03-18,0.1416666673289405
2017-03-19,0.12857142516544887
2017-03-20,0.0
2017-03-21,0.0
2017-03-22,0.0
2017-03-23,0.0
2017-03-24,0.0
2017-03-25,0.03214285842009953
2017-03-26,0.29333333373069764
2017-03-27,0.5388888869848516
2017-03-28,1.6923077079730156
2017-03-29,1.7206896420182853
2017-03-30,0.0
2017-03-31,3.3368421055768667
2017-04-01,2.5843749530613422
2017-04-02,0.013636364178224043
2017-04-03,0.0
2017-04-04,2.2340909032659098
2017-04-05,0.8612903471915953
2017-04-06,1.8386363627558404
2017-04-07,1.5689655172413792
2017-04-08,0.0
2017-04-09,0.0
2017-04-10,0.0
2017-04-11,0.0
2017-04-12,0.0884615366275494
2017-04-13,0.09999999633202186
2017-04-14,0.0
2017-04-15,0.0
2017-04-16,0.026666667560736337
2017-04-17,0.021428572280066355
2017-04-18,0.0
2017-04-19,0.0
2017-04-20,0.36249999748542905
2017-04-21,0.1861111174027125
2017-04-22,0.2777777794334624
2017-04-23,0.21538461171663725
2017-04-24,0.02307692399391761
2017-04-25,1.2022222230831783
2017-04-26,1.9783783651687004
2017-04-27,0.3274999961256981
2017-04-28,0.010344827997273412
2017-04-29,0.3709677419354839
2017-04-30,0.16399999618530273
2017-05-01,0.0
2017-05-02,0.07142857142857142
2017-05-03,0.02
2017-05-04,0.0
2017-05-05,2.5227272408929737
2017-05-06,1.6034483005260598
2017-05-07,0.15333333015441894
2017-05-08,0.0
2017-05-09,0.0
2017-05-10,0.0
2017-05-11,0.0
2017-05-12,0.0
2017-05-13,2.55853659278009
2017-05-14,1.6000000455162742
2017-05-15,0.021428572280066355
2017-05-16,0.0
2017-05-17,0.0
2017-05-18,0.0
2017-05-19,0.0
2017-05-20,0.0
2017-05-21,0.0
2017-05-22,1.1976190440001941
2017-05-23,1.1714285441807337
2017-05-24,0.048275863302165066
2017-05-25,1.0399999942098346
2017-05-26,2.489189190236298
2017-05-27,0.19200000762939454
2017-05-28,0.0
2017-05-29,0.5709677434736683
2017-05-30,0.2827586243892538
2017-05-31,0.04705882423064288
2017-06-01,0.03200000047683716
2017-06-02,0.0
2017-06-03,0.059259260142291034
2017-06-04,0.034482758620689655
2017-06-05,1.251724128065438
2017-06-06,0.39189188786455104
2017-06-07,0.048148146382084596
2017-06-08,0.0
2017-06-09,0.0
2017-06-10,0.0
2017-06-11,0.0
2017-06-12,0.0
2017-06-13,0.0
2017-06-14,0.7852941146668266
2017-06-15,0.48846153112558216
2017-06-16,0.08666666795810064
2017-06-17,0.6666666720852708
2017-06-18,0.6137931305786659
2017-06-19,1.9593750149942935
2017-06-20,1.2406249884516
2017-06-21,0.012000000476837159
2017-06-22,0.0
2017-06-23,0.0
2017-06-24,3.720000009611249
2017-06-25,1.8923077583312988
2017-06-26,0.0
2017-06-27,0.2148148152563307
2017-06-28,0.11199999809265136
2017-06-29,0.0
2017-06-30,0.0
2017-07-01,1.2999999966170337
2017-07-02,1.0
2017-07-03,0.0
2017-07-04,0.0
2017-07-05,0.0
2017-07-06,0.0
2017-07-07,3.514705872272744
2017-07-08,4.171428544180734
2017-07-09,0.0
2017-07-10,0.0
2017-07-11,0.2793103415390541
2017-07-12,0.32692307004561794
2017-07-13,0.0793103472939853
2017-07-14,0.5342857156481061
2017-07-15,0.20000000730637582
2017-07-16,0.012000000476837159
2017-07-17,0.0
2017-07-18,0.0
2017-07-19,0.0
2017-07-20,0.0
2017-07-21,0.0
2017-07-22,0.029629630071145517
2017-07-23,2.4899999876817067
2017-07-24,1.6685714215040206
2017-07-25,1.114285673413958
2017-07-26,0.0
2017-07-27,0.0
2017-07-28,0.0
2017-07-29,0.011538461996958805
2017-07-30,0.012000000476837159
2017-07-31,0.0
2017-08-01,0.0
2017-08-02,0.020689655994546825
2017-08-03,0.011111111552626998
2017-08-04,0.13030303156737125
2017-08-05,0.5699999973177909
2017-08-06,0.27600000381469725
2017-08-07,0.828125
2017-08-08,0.7344827323124327
2017-08-09,0.0
2017-08-10,0.0
2017-08-11,0.0
2017-08-12,0.41935483870967744
2017-08-13,0.2964285782405308
2017-08-14,0.0
2017-08-15,0.7433333297570547
2017-08-16,0.6076922966883733
2017-08-17,0.0
2017-08-18,0.6810810823698301
2017-08-19,0.528571435383388
2017-08-20,0.0
2017-08-21,0.0
2017-08-22,0.0
2017-08-23,0.5656250044703484
2017-08-24,0.06
2017-08-25,0.0
2017-08-26,0.0
2017-08-27,0.0
2017-08-28,0.0
2017-08-29,0.8034482742178028
2017-08-30,1.003333334128062
2017-08-31,0.048148146382084596
2017-09-01,0.0
2017-09-02,0.4615384523685162
2017-09-03,2.30606059775208
2017-09-04,0.7423076813037579
2017-09-05,0.0
2017-09-06,0.4341463395735113
2017-09-07,1.179310338250522
2017-09-08,0.0
2017-09-09,0.0
2017-09-10,0.0
2017-09-11,0.0
2017-09-12,0.0
2017-09-13,1.7666666941209273
2017-09-14,0.3642857074737549
2017-09-15,0.0
2017-09-16,0.0
2017-09-17,0.0
2017-09-18,0.0
2017-09-19,0.6636363737510912
2017-09-20,0.5
2017-09-21,0.0
2017-09-22,0.0
2017-09-23,0.0
2017-09-24,0.0
2017-09-25,0.0
2017-09-26,0.0
2017-09-27,0.0
2017-09-28,0.0
2017-09-29,0.0
2017-09-30,0.10714285927159446
2017-10-01,0.07692307692307693
2017-10-02,0.0
2017-10-03,0.0
2017-10-04,0.0
2017-10-05,0.0
2017-10-06,0.0
2017-10-07,0.0
2017-10-08,0.10645161376845452
2017-10-09,0.5500000086095598
2017-10-10,0.6428571428571429
2017-10-11,0.021428572280066355
2017-10-12,0.22424242532614505
2017-10-13,0.08
2017-10-14,0.027586207821451384
2017-10-15,0.03750000149011612
2017-10-16,0.010000000397364298
2017-10-17,0.0
2017-10-18,0.0
2017-10-19,0.0
2017-10-20,0.0
2017-10-21,0.0
2017-10-22,0.0
2017-10-23,0.0
2017-10-24,0.9390243993299764
2017-10-25,1.0714285714285714
2017-10-26,0.0
2017-10-27,0.0
2017-10-28,0.0
2017-10-29,4.158974364781991
2017-10-30,4.161764674765222
2017-10-31,0.36153847666887134
2017-11-01,0.0
2017-11-02,0.0
2017-11-03,0.0
2017-11-04,0.0
2017-11-05,0.10263158028063021
2017-11-06,0.05624999850988388
2017-11-07,1.3387096793420854
2017-11-08,0.9857142588921955
2017-11-09,0.0
2017-11-10,0.0
2017-11-11,0.0
2017-11-12,0.0
2017-11-13,0.08888889021343654
2017-11-14,0.06153846245545607
2017-11-15,0.0
2017-11-16,0.4636363626429529
2017-11-17,0.2333333315672698
2017-11-18,0.31785714413438526
2017-11-19,0.7933333277702331
2017-11-20,0.23703704056916414
2017-11-21,0.0
2017-11-22,0.8687499994412065
2017-11-23,0.5769230585831863
2017-11-24,0.0
2017-11-25,0.0
2017-11-26,0.0
2017-11-27,0.0
2017-11-28,0.0
2017-11-29,0.0
2017-11-30,0.0
2017-12-01,0.07037037169491803
2017-12-02,0.012000000476837159
2017-12-03,0.0
2017-12-04,0.0
2017-12-05,0.39655172413793105
2017-12-06,0.5558823504868675
2017-12-07,0.012000000476837159
2017-12-08,0.0
2017-12-09,0.5944444446100129
2017-12-10,0.6785714014300278
2017-12-11,0.0
2017-12-12,0.0
2017-12-13,0.0
2017-12-14,0.14722222338120142
2017-12-15,0.260526315946328
2017-12-16,0.18518518518518517
2017-12-17,0.0
2017-12-18,0.059259260142291034
2017-12-19,0.02
2017-12-20,0.0
2017-12-21,0.0
2017-12-22,0.0
2017-12-23,1.0146341443788716
2017-12-24,1.1214285578046526
2017-12-25,0.3161290326426106
2017-12-26,0.17200000762939452
2017-12-27,0.0
2017-12-28,0.0
2017-12-29,0.0
2017-12-30,0.06388889004786809
2018-01-01,0.0
2018-01-02,0.0
2018-01-03,0.0
2018-01-04,0.758695654247118
2018-01-05,0.9153845860407903
2018-01-06,0.0
2018-01-07,0.0
2018-01-08,0.05312500102445483
2018-01-09,0.038461538461538464
2018-01-10,0.0
2018-01-11,0.0
2018-01-12,0.5680851070804799
2018-01-13,0.6178571283817291
2018-01-14,0.08
2018-01-15,0.0
2018-01-16,0.0
2018-01-17,0.4324999999254942
2018-01-18,0.3615384560364943
2018-01-19,0.0
2018-01-20,0.0
2018-01-21,0.0
2018-01-22,0.0
2018-01-23,0.40652174146279046
2018-01-24,0.4192307728987474
2018-01-25,0.0
2018-01-26,0.0
2018-01-27,0.0
2018-01-28,0.47500000355972183
2018-01-29,0.38076922526726353
2018-01-30,0.15952381172350474
2018-01-31,0.1
2018-02-01,0.0
2018-02-02,0.6866666654745738
2018-02-03,0.21200000762939453
2018-02-04,1.6531250085681677
2018-02-05,2.2933333083987235
2018-02-06,0.0
2018-02-07,1.3869565258855405
2018-02-08,1.6518517953378182
2018-02-09,0.0
2018-02-10,0.46874999860301614
2018-02-11,2.237777774863773
2018-02-12,1.0000000267193234
2018-02-13,0.0
2018-02-14,0.011538461996958805
2018-02-15,0.31000000089406965
2018-02-16,0.3780487826684626
2018-02-17,0.8575757507121924
2018-02-18,0.9137930972822781
2018-02-19,0.044827587131796215
2018-02-20,0.010000000397364298
2018-02-21,0.030769231227728035
2018-02-22,0.3055555576251613
2018-02-23,0.7086956436219423
2018-02-24,0.7250000029802323
2018-02-25,2.713333352903525
2018-02-26,6.2727272727272725
2018-02-27,0.0
2018-02-28,0.0
2018-03-01,0.757142858845847
2018-03-02,3.9808510468995317
2018-03-03,2.99259266367665
2018-03-04,0.0
2018-03-05,0.0
2018-03-06,0.0
2018-03-07,1.499999998031922
2018-03-08,1.0310344696044922
2018-03-09,0.0
2018-03-10,0.0
2018-03-11,0.0
2018-03-12,0.017857143389327184
2018-03-13,0.4690476233760516
2018-03-14,0.30000000529819065
2018-03-15,0.0
2018-03-16,0.0
2018-03-17,0.0
2018-03-18,0.0
2018-03-19,0.0
2018-03-20,0.058064516994260976
2018-03-21,0.949999998944501
2018-03-22,1.3088235153871424
2018-03-23,0.029629630071145517
2018-03-24,0.0
2018-03-25,0.0
2018-03-26,0.0
2018-03-27,0.0
2018-03-28,0.05625000083819032
2018-03-29,0.09117647172773585
2018-03-30,0.19062500074505806
2018-03-31,0.1642857108797346
2018-04-01,0.0
2018-12-31,0.06153846245545607
