key-for-ranking,RUCCode,POVALL_2016
35005,5,13974
13297,1,11385
13137,6,6500
54017,9,1460
55055,4,7618
38065,8,191
13059,3,31950
36023,4,7230
21109,9,4213
54003,3,14461
22079,3,25575
20037,4,8318
5145,4,11843
5057,6,4483
20117,7,995
37083,4,13595
51037,8,2488
41065,6,3624
29067,6,2607
16045,2,3042
38055,8,880
28075,5,17531
4021,1,60679
45013,5,18326
47043,1,6973
47079,7,6187
6023,5,26632
1035,9,3464
51640,6,1327
39175,7,1881
55073,3,13941
42065,7,5743
12035,4,11997
12015,3,22087
25019,7,697
21231,7,5390
13055,6,4716
35047,6,6856
42095,2,27078
39013,3,10135
41055,9,208
21187,8,1923
27133,6,877
31117,9,60
8117,7,2398
51005,6,2288
13067,1,73446
32003,1,311352
20031,6,861
11001,1,119778
22105,4,27350
31151,6,1526
47063,3,11601
49035,2,104297
22035,7,2686
21183,6,4865
13123,6,4490
46093,3,2666
19159,9,696
42129,1,34269
13105,6,4197
51077,9,2593
55077,8,1781
47017,6,4894
31039,7,772
19015,6,2389
37075,9,1675
1089,2,47081
53073,3,32082
20167,7,1002
48395,3,3097
12081,2,47042
18171,8,731
48123,6,3462
48133,6,3475
26123,2,8101
21227,3,22037
5129,9,1814
12013,6,2742
55035,3,12783
22057,3,16447
19053,9,1469
13195,3,4255
51097,1,960
28033,1,17819
21239,2,3099
27141,1,5703
5067,6,3587
45065,8,1538
31015,9,283
38071,7,1556
55049,2,2063
13263,8,1447
26013,9,1235
12059,6,4276
21063,9,1998
42099,2,4082
54103,6,3023
26087,1,9324
6045,4,16366
19113,3,21613
54091,6,2678
31045,7,1366
40065,5,4756
13181,8,1479
48167,1,41747
38007,9,83
36091,2,14094
1103,3,18457
46053,9,655
1127,1,13097
27131,4,5673
28035,3,18514
33015,1,12681
25005,1,58070
48267,7,848
13211,6,2358
1105,8,3066
27053,1,132137
8035,1,11114
42039,4,11832
45069,6,6743
48299,7,2701
53051,8,2103
48487,6,1981
37191,3,24889
51199,1,3417
27085,6,2613
48335,7,1473
2050,7,4502
48291,1,12164
28125,9,1567
6067,1,243760
51031,3,7220
31053,4,4131
48389,7,2943
47103,6,5546
40019,5,7799
39085,1,19364
51195,7,8525
47077,6,4777
31141,5,2920
6061,1,27340
13165,6,2606
49049,2,66112
28161,7,2812
34005,1,27083
17019,3,36364
13061,9,1040
37053,1,2616
17011,6,3775
31109,2,35993
39141,4,13224
37107,4,11637
30019,9,176
2110,5,2334
47091,6,4038
48143,7,7361
20161,5,11709
5077,6,2701
27103,5,2490
1091,7,5003
30063,3,17206
48185,6,4124
47167,1,9698
26093,1,10912
48259,1,3119
56039,7,1680
5093,4,10307
22019,3,39035
48243,9,274
6027,7,2184
48093,7,2271
1001,2,7444
19183,3,2161
8003,7,3816
31087,9,360
29061,8,1357
26025,3,21973
9013,1,9786
29069,7,8089
24041,6,3827
13115,3,14596
48401,3,7461
1065,3,3495
54013,8,1586
48043,7,1365
1029,8,2527
4005,3,23116
8023,9,1128
6075,1,87690
48019,1,3138
17181,7,2957
5087,2,2910
51133,9,1632
8061,9,189
48165,7,2982
6007,3,43428
13213,3,7055
28111,3,2599
51169,3,4103
26003,9,1140
42063,4,16198
37137,9,2230
37133,3,23670
20091,1,32380
39101,4,8673
12107,4,15220
28159,7,4070
8029,6,5300
55111,4,6381
18111,1,1666
12037,6,2337
27117,6,975
19045,4,6272
37055,5,3909
37099,6,8051
36103,1,111341
16039,4,3531
30033,9,181
5137,9,2697
51009,3,4340
41069,9,258
5029,6,3903
17097,1,59478
51125,3,1865
48477,6,4641
53027,4,10437
35037,7,2044
48451,3,15144
42061,6,5522
47123,6,8753
27037,1,23278
36049,6,4191
6015,7,5842
8119,2,2278
29149,9,2640
29161,5,8126
31181,9,447
8033,9,271
13011,8,2845
55019,8,4676
18005,3,9336
17033,6,2571
24037,4,9977
31023,6,702
16025,9,106
38063,8,333
37015,9,4438
8014,1,3518
56027,9,318
17163,1,39745
28121,2,13745
36085,1,62030
51185,7,7281
37167,6,7733
20165,9,360
20043,3,989
54071,8,1126
55097,4,7684
19031,6,1207
48251,1,18049
49009,8,84
28007,6,4428
55027,4,8012
28005,8,2951
47107,4,8740
19153,2,50628
31169,9,551
21215,1,1601
5139,5,7603
54049,4,9690
8099,7,2421
13125,9,539
21033,6,2523
31025,2,1920
20111,5,5212
29171,9,837
19069,7,1157
8103,9,591
21195,7,18486
29071,1,10901
16067,7,3243
17065,7,1144
20061,5,4031
31017,9,401
39157,4,11525
39033,4,5753
26141,7,1852
54077,3,5455
26033,5,5278
51680,3,12336
8053,9,77
6031,3,23247
46129,7,810
2261,9,852
39113,2,93949
42029,1,35349
21115,7,5814
39093,1,36828
21207,9,4361
54001,7,3514
51019,3,7445
36123,6,3340
51027,9,5274
39099,2,41625
1051,2,10316
28049,2,48244
55125,9,2676
46101,8,676
13071,6,11252
19013,3,20556
53001,6,3710
13117,1,12468
48137,9,443
53017,3,5260
46083,3,2007
48077,3,1345
45083,2,45637
2013,9,487
53009,5,11110
17193,6,2246
18009,6,1530
1063,3,2845
48195,7,730
26009,9,2686
48331,6,3959
22053,6,5933
47187,1,11292
13197,2,1975
51159,9,1399
51193,7,2581
37105,4,9869
47133,7,4066
5121,7,3229
5037,6,3252
48131,7,2857
38015,3,6505
12065,2,2398
40105,6,1776
13103,2,5949
16047,7,2083
27089,8,903
48371,7,2376
48411,7,1062
22043,3,4160
36037,4,6475
46123,7,928
18001,6,5271
18163,2,30462
49001,9,572
48155,9,207
5141,8,2737
54057,3,4156
21149,3,1619
18029,1,3988
26073,5,15118
47111,1,4117
24025,1,17769
26039,7,2892
48467,6,7921
2158,9,3033
51063,8,2129
29229,6,4355
39095,2,83600
39035,1,223636
17179,2,11526
18131,6,1435
40141,6,1689
28135,7,4430
51115,1,880
12111,2,51657
30059,9,322
41053,2,9681
38053,9,981
34017,1,104660
48269,9,31
37065,3,12514
18091,3,16218
28085,6,6763
26023,6,6969
17187,7,2213
5071,6,4699
31139,9,674
50005,7,3929
28103,7,3434
37063,2,47269
13231,1,2074
26017,3,15716
51073,1,3449
17131,2,1581
56023,7,1631
18137,6,3448
48341,6,2596
5143,2,34567
27029,8,1432
47113,3,17777
29179,9,1397
35033,8,1130
46085,9,860
13099,6,3210
13253,6,1948
6005,6,3846
18147,8,1847
28063,7,2321
47131,7,5604
17027,1,3330
13139,3,26561
46049,9,298
38095,9,238
13085,1,2373
46127,3,981
48027,2,42739
13305,6,6217
13023,6,2514
30049,5,6858
50013,3,609
13153,3,22347
5113,7,4660
37147,3,36594
29041,9,966
48275,9,781
40087,1,4137
29007,6,4019
48391,6,1128
20089,9,363
45045,2,53113
17045,6,2350
21091,3,1100
31037,7,1005
48099,2,8991
1061,3,5495
17047,9,715
13295,2,12349
51089,4,9333
32005,4,4631
5135,7,3610
39007,4,17202
8113,9,811
12021,2,41076
26117,6,9381
40121,5,6007
8079,9,68
16075,6,3639
42069,2,28739
28123,6,6303
29223,9,3370
24510,1,128752
31047,7,2966
42083,7,6711
16021,7,1973
29173,9,1109
16073,2,1942
39001,6,5543
2070,9,965
15009,5,15578
1097,2,79364
17021,6,4013
30035,7,3792
28099,7,6517
37011,8,2985
27087,8,941
18073,1,3032
27025,1,3554
29185,8,1868
13043,7,2647
31175,9,479
22007,6,4761
38061,9,964
18141,2,41889
26035,7,6496
13243,6,2063
20095,6,778
55099,9,1482
20121,1,2644
55015,3,2462
17025,7,2085
21233,2,2311
36045,4,16468
17175,2,652
39065,6,3906
12019,1,19785
22055,3,42781
21213,6,2663
35023,7,1129
31099,7,584
51145,1,1779
56037,5,4264
51085,1,5900
37059,2,4820
22033,2,86888
21155,6,3750
39153,2,72687
35049,3,20463
8001,1,57811
42087,4,6711
19059,7,1332
25023,1,39977
47159,1,2801
31123,9,775
26061,5,6762
42051,1,22645
48029,1,306859
35017,7,6308
28113,7,11649
13255,1,14243
47041,6,3760
27105,7,2500
19055,6,1626
34025,1,43866
41015,7,3171
53041,4,11155
42043,2,30247
29121,7,2416
33013,4,10532
17107,6,3450
17183,3,15183
31127,7,868
17015,7,1798
19163,2,22602
31049,9,213
48145,6,3915
5005,7,5144
39131,7,5660
16019,3,13072
12007,6,4392
19115,8,1253
21123,3,2312
21205,7,5389
55033,6,5164
16041,3,1239
48465,5,9703
27061,6,5898
53013,6,543
38089,7,2433
21131,9,3265
46009,9,811
50007,3,14667
30017,7,1318
37037,2,8384
1113,2,11108
34021,2,39066
48479,3,85150
39167,3,8100
16055,3,22165
41061,7,4058
36113,3,7479
18107,6,4157
13311,8,4030
47001,2,10753
26095,7,1092
19173,9,751
51127,1,1202
54093,9,1067
40045,9,523
2020,2,21108
48469,3,12900
31163,9,368
13111,8,3485
39151,2,48072
35059,9,705
21025,7,4466
19149,6,2091
10005,4,25212
6105,8,2668
20125,5,5953
26165,7,5812
20101,9,164
5011,6,2544
26129,9,3564
23017,6,7565
28155,9,2002
39061,1,126002
42023,7,655
13183,3,3365
51775,2,2160
41029,3,31189
18019,1,11983
36017,6,7248
36093,2,17158
33011,2,31972
21171,9,2409
18077,6,4061
21169,9,2244
26135,9,1522
12093,4,7547
5059,6,4541
27107,8,777
42071,2,56082
30071,9,631
46025,9,398
12103,1,125923
48365,6,3598
1059,6,6272
48205,9,452
1045,4,9936
22109,3,23521
32009,9,117
35011,9,378
13079,3,2355
42033,4,10543
13159,1,2282
1087,6,5183
2240,8,804
31159,2,1252
17043,1,64330
28037,9,1554
48359,8,261
8085,7,6716
25011,2,6926
46021,9,131
18149,6,3694
53059,1,1543
20011,6,2465
13307,8,539
48449,7,4749
54097,7,4705
19005,6,1786
47095,9,2151
47163,3,25304
41027,6,2459
31155,2,1524
38069,7,522
21101,2,7739
31111,5,3272
20175,7,3017
26127,8,4630
42121,4,7507
32011,9,189
54031,8,2096
21137,7,5499
6081,1,50438
15007,5,5716
27057,7,2677
42017,1,40872
18129,2,2192
51810,1,36494
39119,4,12435
42103,1,5397
48505,6,4162
47039,9,2164
37193,6,11378
53067,3,28354
34041,2,8708
8065,7,1093
13283,7,1717
13285,4,13731
31055,2,67359
27125,8,390
45009,7,3885
12073,2,52124
21061,3,2668
48053,6,5181
47009,2,14401
17125,6,1996
47105,2,5414
48393,9,60
19073,6,998
37177,9,966
21173,6,4881
48115,7,2508
5125,2,10160
48213,4,13151
21121,7,12097
19097,6,2497
41033,4,15239
35015,5,8674
55065,8,1937
29151,3,1139
29111,9,1590
29213,6,9006
45063,2,33254
6077,2,105268
12105,2,106703
47035,7,8841
20127,9,646
48075,7,1203
42005,1,9100
32033,7,1220
12075,8,8467
37175,6,5415
51790,4,2990
21007,9,1277
39017,1,45165
54023,6,1737
47119,4,10204
13237,6,3914
55117,3,7934
6059,1,348173
32029,2,316
40085,9,1376
17123,2,1144
6093,7,8109
12101,1,66980
33005,4,6078
8073,8,834
39105,6,4815
48307,7,1479
28083,5,10146
48239,6,1966
19197,7,1578
13053,2,1639
46099,3,18046
21095,7,9889
48113,1,413956
40123,7,5983
51570,1,1819
48455,8,2864
18055,3,5120
1015,3,19057
19049,2,4118
27065,6,2064
20097,9,302
13069,7,9153
53057,3,13787
51520,3,3953
29057,8,1312
56045,7,734
6037,1,1629450
38083,9,222
8087,6,3221
6101,3,16390
30069,9,74
21177,6,5732
4011,7,1144
53071,4,7906
48345,8,210
55093,1,3153
26149,4,8948
24019,6,5531
21081,1,3787
54015,2,2541
48381,3,11784
29153,9,2315
54083,7,4974
4025,3,29418
45055,2,9941
41017,3,19113
21237,9,2252
48087,9,584
21099,8,3998
19037,6,1303
28145,7,3655
48285,6,2418
6091,8,419
24021,1,16793
29043,2,8921
46105,9,374
31147,7,973
32017,8,675
21077,1,1238
29053,6,2362
37159,4,22283
22041,7,5728
24029,6,2565
30037,8,147
28053,7,3268
54011,2,20129
33017,1,9094
13167,9,2277
51051,9,3684
28105,5,12741
20015,2,5745
42037,4,8349
48339,1,59836
51167,6,4584
38101,5,5903
49043,2,2412
6063,7,2312
1025,7,6977
54099,2,8651
13083,2,2377
48325,1,6746
46117,9,237
37003,2,5401
28107,6,7699
18101,6,1241
48493,1,4958
51075,1,1393
38023,9,231
19023,8,1416
37085,4,20400
34007,1,60385
13259,8,1634
17111,1,22253
17017,6,1708
55121,8,2391
48109,9,516
48263,9,83
38019,9,364
55013,8,2068
13277,4,8669
19169,3,16340
31067,6,2430
16057,4,6326
55041,9,1409
51079,3,1618
25021,1,41497
39121,6,1744
19093,8,696
36117,1,9296
29205,9,977
5035,1,12314
40113,2,7139
6079,3,29345
54107,3,14510
12087,4,8801
21209,2,5400
48495,6,1164
44007,1,96214
37005,9,2203
48183,3,20929
8039,1,1516
51179,1,7935
46095,9,676
40073,6,1605
48197,7,692
21111,1,111467
54043,2,5101
48005,5,16085
26019,9,1876
40103,6,1499
30065,8,790
51061,1,3978
47029,6,8448
13151,1,21101
13163,6,3867
50017,9,2986
48253,3,3138
31019,5,5287
28023,9,3296
12133,6,5026
38057,6,561
38009,9,701
35045,3,19749
19111,5,4643
49027,7,1407
48255,6,2677
45011,6,4789
37129,2,37472
1119,8,3933
37123,6,5655
51067,2,7192
27155,9,414
29181,9,3776
47099,6,7076
46087,3,545
21073,4,6708
17137,4,4962
53011,1,41909
19125,6,2725
15003,2,81341
26147,1,21781
47143,6,5739
26155,4,8106
37145,2,5962
20135,9,325
20189,7,551
48035,6,2797
40005,7,2596
51740,1,16775
35021,9,95
54079,2,6090
36105,4,12240
28061,9,3748
48033,9,67
36075,2,19549
21141,6,4581
13109,6,2500
23005,2,28431
6113,1,39303
19193,3,13318
22015,2,20555
5007,2,23131
39041,1,9083
18181,6,2571
40059,9,388
5115,5,10433
8097,7,1227
22101,4,11371
8025,8,1471
23013,7,4376
46097,8,272
37061,6,12418
18153,3,2640
19009,8,616
51141,8,3151
40091,6,4133
48349,4,8491
21163,1,3716
27171,1,6912
29137,9,1298
48235,3,125
22013,6,3171
21085,6,5585
38037,8,367
51113,8,1444
19129,2,1276
21049,2,5618
51173,6,5485
13161,7,3508
20195,9,309
30003,6,3368
5103,7,5849
56017,7,624
39083,4,7294
51171,6,4592
17177,4,6916
36077,6,8124
23015,8,3818
6115,3,12288
46125,3,752
48001,5,9044
8009,9,702
4017,4,30379
12001,3,55990
21039,9,693
22089,1,6812
20141,9,501
53035,3,25729
8043,4,6861
21175,7,3109
36001,2,35585
6029,2,190993
37165,6,9033
22021,8,2144
37077,6,8403
5147,9,1712
19103,3,23460
19119,8,840
47013,6,9398
29189,1,90126
21029,1,8144
12053,1,27794
23007,6,4111
32007,5,5329
18115,1,590
24001,3,11090
17147,3,1115
13199,1,4417
19041,7,1457
42007,1,15998
40129,9,469
36121,6,3701
48065,3,519
16009,6,1624
29123,7,2193
19001,8,740
51043,1,1115
39055,1,5451
18103,6,5100
48021,1,10632
48305,6,1010
51117,7,4759
40011,6,1682
55061,2,1526
20193,7,787
41043,4,15975
29021,3,14999
8015,7,2009
19177,9,1047
53075,4,11027
26053,7,2809
51069,3,5677
17075,6,3688
12067,8,1609
8077,3,21922
45071,6,6967
56013,7,6616
17133,1,1599
29133,7,3384
46011,7,4307
20051,5,3453
48463,7,6761
48383,6,423
26029,7,2981
20059,1,2987
37021,2,33631
17087,7,1594
21221,3,2046
13129,6,9020
17057,6,4807
30081,6,5773
24009,1,5282
28133,5,7874
26057,6,6742
31179,6,997
19123,7,2640
48311,8,95
16005,3,13780
37163,6,12114
21047,3,13938
21133,9,7113
8047,1,440
38017,3,18151
47085,6,3318
38051,9,309
12079,6,5205
19039,6,1061
6055,3,10958
17049,7,3709
26007,7,4365
47171,3,3006
31035,9,681
29097,3,20301
26079,7,2612
37113,7,5585
40109,1,124834
1115,1,10352
26091,4,11641
19057,5,6300
42123,6,6007
16033,8,141
49047,7,4094
6097,2,46604
48221,4,5754
37047,6,13110
31007,9,100
13317,6,2213
27135,7,1204
24013,1,8990
42101,1,384148
51670,1,4630
22085,6,4352
16031,7,3282
18033,4,3780
35043,2,20441
13087,6,7716
17117,1,5962
36095,2,3802
27017,2,3469
48151,8,597
29029,7,7385
21037,1,11120
17063,1,3936
27045,8,2535
16017,6,6476
49037,7,5138
34031,1,85671
21023,1,1386
27099,4,5104
30101,7,712
51119,8,1469
56015,7,1776
51121,3,18030
13119,8,4614
13257,7,5212
17001,5,8223
27019,1,4225
17121,4,5891
30091,9,379
40077,7,2062
27003,1,23240
51103,9,1514
36019,5,10701
17083,1,2369
28001,5,9045
13205,6,6032
48107,3,1425
48333,9,750
25001,3,15972
42015,6,6904
38081,9,296
31133,9,400
19147,7,899
13301,8,1511
48199,2,6001
1099,7,5472
19151,9,792
18057,1,14927
48397,1,4845
28055,9,409
46005,7,2484
28093,1,7772
41051,1,111262
51139,6,3833
28073,3,7614
45061,6,4443
46003,9,275
27137,2,28177
31059,9,540
34019,1,5431
42013,3,16430
48473,1,7591
30099,8,824
8115,9,352
53029,4,7577
31093,9,663
20153,9,310
27011,9,584
30041,7,3140
24043,3,18771
12071,2,91333
27147,5,3315
17109,5,5470
47145,4,7416
40083,1,6510
17161,2,21769
27139,1,7784
47125,3,24640
51057,8,1439
54085,8,1764
47129,6,4368
51143,3,8211
51045,2,648
19007,7,2304
51013,1,17151
5069,3,15094
19011,3,1975
45049,6,4104
40013,6,7519
18047,1,2414
41003,3,15546
51590,3,9003
31073,9,189
55025,2,56594
17059,8,1061
13051,2,45636
48067,6,5206
51036,1,877
24003,1,38816
31165,9,192
34003,1,63789
13235,6,2505
12057,1,203350
46047,7,862
46045,9,377
18183,2,2954
30057,9,877
9001,2,79966
36031,6,4532
17151,9,720
35027,7,3500
30045,8,259
29221,1,5186
30053,7,3550
2185,7,1132
45021,4,10318
20119,9,444
20159,7,1167
19117,6,1268
29001,7,5343
48281,2,2793
48503,6,2599
28025,7,4657
8101,3,32053
37199,8,3350
26021,3,25215
17031,1,770091
55069,6,2712
20069,9,487
37139,7,6395
35041,7,4006
21225,6,2723
21203,7,3991
46137,9,1223
51820,4,3167
19077,2,1036
48135,3,21548
21027,8,3386
42049,2,41331
1037,8,1801
45087,6,5756
22037,2,3459
27073,9,635
35053,6,4181
48071,1,3646
37087,2,9545
55051,9,809
36021,6,7519
54109,7,5155
39161,6,2489
29065,7,2995
21045,9,4260
12091,3,21032
48321,4,6392
51760,1,55062
40131,2,8185
26001,9,1657
28039,3,3714
31185,7,1357
12061,3,18518
20209,1,31432
28015,9,1719
37029,8,902
28147,9,3476
26077,2,42141
5015,6,4684
39139,3,17904
38049,9,641
32023,6,6724
2188,7,2114
40079,2,10398
17159,7,2235
21055,6,1660
5045,2,18782
50027,7,5479
45051,3,47767
20019,9,574
38059,3,2679
9009,2,94687
13003,9,2176
38091,8,162
40093,9,925
39043,3,9171
13091,7,4730
13229,6,3282
32001,6,3371
24045,3,17634
48229,8,848
42133,2,42508
27169,4,5416
28095,7,6869
8071,7,2869
13219,3,2480
27109,3,13027
17203,2,2515
28129,8,2990
48225,7,4437
47097,6,6025
27031,9,526
45005,6,3013
48301,9,15
21143,8,1152
5025,3,1295
21075,7,1712
56025,3,8244
8083,6,4031
56021,3,9697
47049,9,3812
20173,2,75334
26107,6,8248
48413,8,503
34023,1,69642
5099,7,1680
9003,1,95010
55078,8,1214
48309,3,44099
42001,4,9218
48091,1,11496
45075,4,19239
29081,7,1520
16061,8,611
51095,1,4739
48351,8,3023
48459,3,6235
29199,9,778
41001,7,2762
19121,2,1218
28009,8,2064
8059,1,39397
17081,7,5697
21093,3,14306
8093,1,1572
45017,2,2370
8121,9,674
36057,4,9610
38043,8,303
48177,6,3519
29177,1,2453
1131,8,3466
49041,7,2907
20017,8,287
45007,3,29703
48023,6,630
37069,2,9624
27097,6,3871
6099,2,77913
13247,1,12943
27075,6,946
29051,3,7821
49023,2,1157
28057,7,4062
21035,7,7430
19107,8,1199
31131,6,1489
12119,4,12115
27167,6,553
41023,9,1132
37189,6,11717
40119,4,18413
40095,6,2499
18121,6,2497
4015,4,36665
37051,2,59570
19167,6,2374
20057,5,4453
47015,1,2149
13299,4,8501
26071,7,1672
17095,4,8036
26089,9,1739
6009,6,5833
27027,3,7167
29165,1,5915
20099,7,4161
29113,1,6132
46102,7,5854
33019,7,4016
47181,8,3032
26097,7,1465
56033,7,2691
17037,1,15566
29035,9,1298
5091,3,9504
28069,9,2532
42019,1,13334
18081,1,11300
29023,7,9237
34015,1,22402
51087,1,29583
1047,4,13987
36041,8,463
5105,2,1689
19157,7,1863
20041,7,2084
29225,2,6189
26011,8,2456
46019,6,1399
13127,3,15916
55057,7,3561
18127,1,12749
20083,9,183
55127,4,11191
49055,9,400
10001,3,23060
16007,7,823
39117,1,4214
36027,2,25588
9007,1,12513
8095,9,484
18007,3,980
9011,2,23961
47019,3,11903
18117,6,3103
36035,4,7878
30105,7,928
48063,6,2456
28141,8,3362
20053,7,545
2220,7,690
48419,6,5345
28065,8,3034
48189,4,6809
20177,3,18931
1027,9,2495
19181,2,3263
19051,9,1125
48363,6,4547
13269,8,2004
48017,7,1165
13057,1,17948
56011,9,613
27059,1,2955
46031,9,1614
28119,6,2468
53031,6,3679
42109,7,4775
29201,5,7004
13001,7,3542
32013,7,1982
42111,4,9885
27113,6,1365
28163,6,8053
45081,2,3329
39027,6,5426
29059,2,3025
16015,2,965
6083,2,59468
21219,8,2457
48405,9,1933
1017,6,6656
56035,9,646
12003,1,4329
27041,7,3172
13093,6,3386
29013,1,2204
4027,3,37850
29119,2,4776
5073,8,1838
5031,3,16548
47121,8,2164
54019,6,8365
24005,1,72978
51101,1,1248
48409,2,10570
48073,6,9463
5019,7,4406
49011,2,21271
53015,3,16863
42021,3,20033
51678,6,965
55079,1,183511
48315,8,2250
42093,6,1966
17167,3,26767
51650,1,21458
35035,4,12945
47155,4,14386
17005,1,2031
29159,4,6263
20013,6,1272
47089,3,8112
29083,6,4402
51105,8,6727
6065,1,359774
18175,1,3898
36055,1,106742
19035,6,1213
48161,7,3435
45091,1,27264
40101,4,14106
46079,6,1049
49033,8,215
48139,1,16121
51049,1,1747
27071,7,1773
8067,6,5861
2060,9,100
48445,6,2532
21201,8,514
13025,3,3795
16077,3,1188
31137,7,827
39155,2,34839
39165,1,11823
13241,9,2794
40015,6,5877
45041,3,24811
56003,9,1342
51109,1,4261
53065,6,6284
26069,7,4531
34033,1,7868
37091,7,5612
6049,6,1571
18085,4,7985
31083,9,414
13293,6,5124
51033,1,2937
20033,9,208
12125,6,2512
37057,4,25150
50015,8,2986
30021,7,989
13009,4,10273
6035,6,4085
21127,6,4251
17003,7,1857
13279,7,6266
39169,4,13372
53007,3,8665
13097,1,18191
21193,7,8254
6053,2,53898
13223,1,13373
55039,3,7631
55005,6,5041
19019,6,2084
48187,1,15051
23031,2,16132
23029,7,5615
37135,2,17049
42119,4,4284
45059,2,11753
28031,8,4531
2180,7,2337
47117,6,4148
45047,4,14687
1041,8,2822
40057,9,679
38093,7,2184
51153,1,33308
28021,6,3060
39111,8,2130
51011,3,2130
39109,2,9860
20183,9,507
51600,1,1611
20003,6,992
21223,1,1263
5101,9,1566
46065,7,1430
20009,7,3621
56043,7,1060
49045,2,5189
48157,1,60925
31029,9,359
48273,4,6871
38077,6,1558
53033,1,196841
28117,7,5868
55109,1,4917
13155,7,1997
55095,6,4233
2130,7,1245
55009,2,24903
21139,9,1329
20049,8,447
31183,9,88
45023,6,6328
51017,9,516
12131,6,8331
20131,8,928
37115,2,3786
39143,4,6750
18049,7,2471
39123,2,4160
17195,4,6586
48337,6,3165
26137,7,3369
9005,4,12952
6057,4,10662
48209,1,24332
45037,2,4180
55137,8,3263
31125,9,432
20007,9,559
42025,2,8210
20071,9,149
36051,1,8072
48483,9,736
6021,6,4632
39015,1,7196
42009,6,6550
26081,2,76343
13207,3,3197
20067,7,909
48407,1,4876
8075,7,3056
21003,6,3790
30043,9,1032
26041,5,5107
35028,6,720
16053,7,3644
28081,5,14332
21013,7,10096
29163,6,2907
29155,7,5198
16081,9,1057
55063,3,14977
32015,7,674
56031,7,1031
27083,7,3167
21041,6,2152
17171,9,575
46057,9,557
19145,7,2046
13133,6,3067
29203,9,2133
37109,4,10179
35007,7,2525
46029,7,3264
50001,6,3318
47149,1,31097
55081,6,5384
53063,2,64514
48179,6,4001
26045,2,12005
8109,9,1757
29141,8,3885
16087,6,1517
26113,9,2198
29209,8,3960
38073,8,421
42089,4,19303
29217,7,3498
55083,2,3364
28045,3,7976
13089,1,127476
13309,9,2111
21135,8,3545
46039,9,411
48211,9,406
29215,9,7130
5053,2,2062
38099,6,1176
45073,6,11021
13081,6,6751
49025,6,745
40027,1,33109
36015,3,12390
27121,8,991
16023,8,451
46037,9,759
31005,9,56
50009,9,966
16051,3,2875
12077,8,1468
4001,6,23966
41047,2,44581
48271,9,652
22127,6,3080
31011,9,525
26121,3,31393
46023,9,1951
30073,7,1083
30029,5,11897
29510,1,73250
36079,1,5844
18013,1,1613
48215,2,262028
12069,1,39212
31177,2,1405
47071,6,5438
48057,3,3420
42073,4,11672
22061,4,12959
39133,2,20743
30039,8,438
53037,6,7724
53005,3,20153
27063,7,858
48181,3,16550
13145,2,2883
20063,9,264
24027,1,16536
26099,1,94224
39029,4,17130
1075,9,2545
20185,9,547
51177,1,9648
20203,9,244
38031,9,287
39147,4,6782
28047,3,40472
26119,9,1535
39045,1,14445
1079,3,5530
29019,3,27774
37187,7,3147
5127,6,1991
27095,6,3047
18093,4,6139
31157,5,5645
51025,6,3275
29175,6,3616
39069,6,2258
17091,3,14958
49003,4,5008
39087,2,10771
30097,9,351
26131,9,925
47053,4,8157
27145,3,17429
16069,3,5861
12029,6,3697
48171,7,2563
20021,6,3148
55123,6,5019
18179,2,2663
5107,7,6042
31145,7,1100
54063,8,2295
55087,3,14548
1123,6,8111
19133,6,1111
41063,9,1000
54075,9,1495
34037,1,8460
30009,3,1071
21113,2,8014
49007,7,3013
29135,3,1696
39107,7,3308
54069,3,6361
21167,6,3088
1107,8,4756
51065,3,1867
8037,5,4239
13251,6,3744
18123,6,2612
39163,9,2661
6073,1,400028
19083,6,1807
31085,9,150
56041,7,2183
46059,9,295
27163,1,11304
48207,6,1258
26083,9,269
48129,8,593
37025,1,21980
30013,3,11333
40049,6,4791
30031,5,11526
35055,7,7354
18161,8,912
51700,1,25395
37127,3,15151
50021,5,7591
21197,6,3185
37041,7,2665
48489,6,7076
27035,5,6975
41041,4,9289
31167,9,449
55105,3,20393
36007,2,30417
28017,7,3715
36081,1,307866
40139,7,2861
42115,6,5117
22113,4,11669
20163,9,592
54095,6,1431
51149,1,3176
13033,2,5986
16079,6,2319
20133,7,2552
18027,7,4609
13101,3,913
31081,7,697
8105,7,1972
5079,3,2726
12017,4,23472
48387,6,2057
41019,4,16692
22117,6,12371
28115,7,5725
1005,6,6787
31129,9,525
16063,9,665
46111,9,268
12051,4,9712
37179,1,20266
48039,1,34053
20087,3,1765
8051,7,2128
12123,6,4291
47069,6,5443
28137,1,4648
8063,7,1023
18011,1,4481
55133,1,20315
8011,7,1358
51800,1,10303
13191,3,2847
36111,3,23815
41021,9,223
39019,2,3475
45057,4,11381
48279,6,2803
51540,3,10235
55089,1,4626
22115,4,7191
42077,2,48796
8021,9,1836
13065,6,1752
16001,2,46600
24015,1,10099
18095,3,21548
9015,4,13297
36099,6,4322
20023,9,292
22049,6,3122
28109,6,10031
54105,3,1049
1031,6,7271
39125,6,2004
18061,1,3997
28051,6,7249
48481,4,7163
20199,9,179
41009,1,5537
29125,8,1331
48265,4,7348
29147,6,3251
48037,3,16884
12097,1,49326
20201,9,588
6003,8,199
20207,9,571
39173,2,14060
24017,1,11536
37153,4,10900
48069,6,1372
22029,7,5239
6013,1,97573
17061,6,1928
35001,2,107909
23009,6,5877
23023,2,3245
47147,1,7061
44005,1,7120
17051,6,3013
29073,6,1758
28143,1,3164
13039,4,7573
21015,1,9662
20105,9,373
12113,2,17308
42107,4,17479
42067,6,2490
17009,7,774
39081,3,10469
18071,4,5677
19087,7,2279
48261,9,65
17197,1,48627
45025,6,9310
5061,7,2455
48095,8,682
17079,7,1009
12041,3,2825
35029,6,6601
13017,7,4467
46135,7,2428
22005,2,12864
37081,2,92205
51023,2,2560
18039,3,26390
21105,9,884
39053,6,5995
42011,2,52766
48399,6,1766
29169,5,6044
51147,6,4274
30005,9,1581
54055,5,11978
48245,2,47920
22011,6,5243
13169,3,3482
29167,2,5004
25025,1,143799
51083,6,6380
55119,6,2376
47075,6,3530
29063,3,1429
37155,4,35835
21235,7,10026
17143,2,27254
50025,6,5318
12049,6,6081
6069,1,6206
30047,6,5645
27067,4,4815
48233,6,2783
51720,7,875
30001,7,1291
38097,8,642
36089,5,17225
48249,4,9459
19067,7,2004
21161,6,3256
46069,9,122
8069,2,37023
45089,6,9141
19165,6,1037
4019,2,180513
29049,1,2089
51091,9,293
5131,2,21232
5003,7,3636
41005,1,35366
29089,3,1484
56019,7,737
36009,4,11014
44009,1,11789
39135,2,4494
37141,2,8683
40031,3,18024
39149,4,4490
48507,7,3991
47059,6,11398
54089,7,2921
37131,9,4319
8111,9,107
18043,1,7759
2068,8,121
29095,1,105697
46051,7,705
48329,3,15599
54061,3,18202
13201,8,1340
45031,3,13878
29107,1,4057
48313,6,1993
36101,4,12546
29075,8,952
55103,6,2296
33009,5,8463
29027,3,4754
23001,3,13210
48101,9,300
38079,9,3861
48417,8,489
40099,7,1816
45027,6,8045
46055,8,209
13049,6,2725
18133,1,4080
47177,6,7736
42105,9,2335
41049,6,1668
4012,6,4976
27051,9,700
47157,1,190199
18105,3,30977
19047,6,2345
51175,6,2544
46091,9,508
48431,8,169
29117,6,2350
40047,5,8920
41013,6,3192
54051,3,5445
5085,2,8881
37161,4,12096
47051,6,6143
39073,6,4054
27015,7,1993
18003,2,54642
19071,8,790
31161,9,831
27157,3,1595
36047,1,535092
46075,9,120
40061,6,2673
30015,8,895
47101,6,2163
53055,9,1599
18021,3,3666
29045,9,1020
49021,4,9021
20079,2,3528
28059,3,24525
31121,7,797
20047,9,325
13147,6,4286
40117,2,2696
40143,2,99417
46121,9,4928
37157,2,16352
5123,6,6973
18079,6,3478
53043,8,1279
27005,6,4200
46107,9,219
1053,6,8020
54065,3,2079
37027,2,13697
31009,9,75
30061,8,737
16085,8,998
28013,7,3146
21021,7,4562
23011,4,16479
31105,6,468
21107,4,8154
1067,3,3159
38039,9,213
48303,3,55089
27143,8,1328
1083,2,11511
36109,3,17022
46119,9,102
45079,2,61910
48423,3,34487
51660,3,12919
38041,9,256
38003,6,1137
17041,6,1895
22051,1,69610
1057,6,3307
13121,1,159400
17153,9,1183
42057,8,1527
13227,1,3447
26067,2,8487
26153,7,1162
48283,6,1561
47109,6,5623
27149,7,969
26159,2,12282
6111,2,81792
16013,7,2128
13281,9,1558
56001,4,6229
26015,2,4932
22063,2,17396
37043,9,1647
18059,1,5327
18089,1,79529
49015,9,1263
32019,6,6289
1117,1,16406
17085,6,2145
23021,8,3136
45001,6,3689
17007,2,5071
26157,6,7148
27159,7,1952
48443,9,152
48475,6,1464
39011,4,4165
54073,3,987
20115,6,1271
51595,6,1172
26049,2,81761
20045,3,17501
48293,6,4608
26109,7,2965
47183,7,6591
54047,7,6882
41057,6,3300
47153,2,2598
48127,6,2940
22071,1,91421
48049,5,6217
18031,6,3021
48497,1,7591
21071,7,11137
18109,1,7254
29139,8,1739
37111,6,8050
47093,2,65480
40039,7,4984
39059,6,7161
13267,6,6108
2164,9,325
49031,9,253
27001,8,2010
55075,6,4916
20065,9,311
28019,9,1881
30111,3,13581
51155,3,4758
22003,6,4588
5089,9,3342
56009,6,1272
18167,3,17567
12031,1,131327
1013,6,4880
38035,3,9318
20123,7,712
19079,6,1383
18087,6,3851
20055,5,5155
13175,6,11931
6001,1,173386
5117,8,1441
29093,6,2184
13141,7,2453
46033,8,882
13221,3,2272
19061,3,9738
22073,3,37014
27007,7,8070
22009,6,9758
26125,1,106650
12027,6,9323
35003,9,810
49019,7,1202
38047,9,238
36073,1,5905
10003,1,61319
19099,6,3542
24031,1,71252
47007,8,2889
48415,7,2377
48011,3,197
29009,6,7560
18173,2,4615
19033,5,4907
1109,6,7793
37073,8,1731
48379,8,1657
42045,1,58546
31107,9,1076
51735,1,650
21001,7,4633
42041,2,18620
27173,9,963
18155,8,1780
51580,6,862
8091,9,426
48491,1,30201
13095,3,26389
18063,1,9008
20139,3,1707
21005,6,2335
51630,1,3755
40009,7,3515
12023,6,11449
27151,7,942
31153,2,10294
21199,5,11876
12055,4,19035
5083,6,3867
51163,6,2735
22001,4,14228
19131,7,1064
20169,5,6426
48125,8,406
17145,7,2953
21031,8,2234
47061,8,2969
48237,6,1315
49017,9,524
36115,3,6479
51840,3,3966
24035,1,3528
38013,9,196
1049,6,14362
54007,8,2998
40003,9,750
40107,6,2792
46109,9,1801
19185,9,1134
51015,4,6590
20113,6,2704
53047,6,8082
55129,6,1953
13007,3,871
48219,6,3817
42131,2,3021
40127,9,2402
20109,9,275
48367,1,11838
55031,2,5733
27049,4,3513
37101,2,25065
20107,1,1569
16043,6,2062
36065,2,35553
48047,6,2299
30107,9,390
41039,2,66339
35006,6,6712
28071,6,9851
51620,6,1491
21053,9,2538
37089,2,13707
46007,9,1159
5041,6,3125
47073,3,10717
27079,6,2289
12083,2,58992
19089,7,900
30095,8,784
20205,7,1402
12095,1,209800
12063,6,9045
40069,7,2355
48289,8,3090
18041,7,4071
40075,6,1981
1021,1,7960
48025,4,6798
39159,1,3194
36025,6,7613
19021,7,2338
51165,3,7575
4007,4,10678
5047,2,3103
45077,2,17297
54101,9,2564
37033,8,4265
47169,1,1244
37097,4,18166
42027,3,24173
36087,1,46260
31021,8,683
13273,3,2695
36071,2,46624
26105,7,4355
20137,7,640
22027,7,4593
13077,1,13867
20081,9,402
44003,1,15726
13193,6,3701
38103,9,419
42091,1,49697
31089,7,1063
45019,2,57691
28153,7,5145
24033,1,81629
31043,3,2405
51187,1,3922
37173,8,2357
40053,9,581
19075,3,768
38027,9,229
54025,7,5520
26047,7,3841
49029,2,493
48439,1,270348
21119,9,5659
37009,9,4307
17053,3,1472
27021,9,4445
54059,6,6902
40023,7,3922
48117,6,3177
34009,3,10964
55085,7,3352
5051,3,17037
2122,7,6835
39031,6,4581
18067,3,12011
27013,5,9397
36059,1,82192
46103,3,15515
48173,8,114
27129,9,1412
36067,2,65822
27023,7,1066
54037,1,5563
51003,3,8524
12121,6,8244
37049,5,15047
12039,2,8906
46015,9,652
46115,7,676
30025,9,262
22023,3,841
53021,3,12972
37119,1,127889
46035,7,2069
54081,4,12684
27069,9,466
12011,1,256027
30055,9,261
48089,6,2985
39047,6,4489
41035,5,12408
31051,3,480
37117,6,5175
8041,2,76997
47087,8,2479
39005,4,6235
17201,2,43858
20039,9,404
38085,8,1543
5065,9,2492
37067,2,62994
36013,4,23921
29195,6,3436
12009,2,84028
17129,3,1191
40025,9,381
56007,7,1787
16027,2,31525
40125,4,12400
5013,9,847
13303,7,5063
6087,2,35339
18065,4,7244
48051,3,2519
54029,3,3876
28077,8,2502
47037,1,99415
47173,2,4204
28127,2,6095
51029,8,2613
19127,4,4755
6025,3,40601
28139,7,5409
20129,9,342
38075,9,205
30075,9,183
5023,6,4047
17113,3,20429
36097,6,2684
1007,1,4099
2090,3,8144
32031,2,56064
13173,3,2316
1011,6,2841
26043,5,3195
20075,9,341
6095,2,48701
21153,9,3993
8007,7,1523
46071,8,1011
22107,9,1444
48231,1,14584
29099,1,22484
30027,7,1619
51550,1,20071
47033,8,2491
48295,9,426
38011,9,262
47083,8,1413
37183,2,94001
33007,7,4072
26161,2,49933
29129,9,498
17067,7,2186
47005,7,2831
29033,6,1462
5009,7,5670
42075,3,13361
46041,9,1571
22125,2,2372
48119,1,953
6103,4,13060
1133,6,4061
51041,1,23468
39071,6,8410
40135,2,7978
13313,3,16688
5039,6,1464
40017,1,11232
26059,6,6395
48169,6,1290
37185,8,4999
48121,1,65057
47031,4,7705
39077,4,7043
13209,9,1898
31013,7,1269
50003,6,4815
46043,9,309
47189,1,10632
34013,1,126492
20073,6,895
30109,9,116
21079,6,2784
21087,8,2223
20001,7,1907
27055,3,1585
45039,2,4715
12099,1,178918
40001,6,6347
1055,3,17624
13185,3,23936
13291,9,3483
18069,6,3880
1111,6,4839
17099,4,14193
8125,7,1207
48427,4,25257
26103,5,9419
48485,3,20099
17071,9,794
39037,6,5438
26111,4,7771
21125,7,13782
12045,6,2958
1095,4,19703
5001,6,3237
21185,1,3582
42097,4,12924
42047,7,3025
22075,1,3575
47151,6,4755
42117,6,5289
36029,1,126912
32027,8,847
21229,8,1851
37169,2,5664
13287,6,2329
42085,2,17133
28067,4,13630
53045,6,8830
17029,5,9348
29025,1,1121
47081,1,4754
1121,4,13864
51131,9,2418
17165,7,4795
4003,4,25424
17155,8,448
37007,1,5716
8081,7,1676
31143,9,408
12089,1,8242
20035,4,4706
37103,8,2088
38021,9,527
47003,6,6885
18139,6,2277
40067,8,1346
48457,6,3548
1085,2,3252
40097,6,7066
6047,3,53417
28157,8,2798
39127,6,6029
2016,7,438
36107,2,6141
47137,9,856
41059,5,11369
5063,7,5727
19027,7,1762
40111,2,7817
40007,9,614
18135,6,3801
15001,5,29962
21065,6,3852
46089,9,340
5119,2,66302
8017,9,252
27047,7,3267
38067,9,629
13131,6,5169
27101,9,757
40041,6,7294
27043,7,1584
55001,8,2624
40051,1,7032
13107,7,5911
39171,7,3496
16065,6,9274
48141,2,186707
51111,9,2231
36053,2,7421
18143,6,3690
13013,1,9888
6109,4,7781
48421,9,397
38001,9,216
8055,6,1425
18159,3,1268
40081,1,5477
13113,1,6671
17169,7,823
8019,1,753
40153,7,2451
29197,9,852
40035,6,2423
39089,1,19680
48447,9,228
48343,6,2489
51107,1,13511
13135,1,102033
28149,4,11200
18051,2,3532
47175,9,1063
48441,3,22228
39023,3,20643
37035,2,19537
22123,9,2535
2170,2,9641
48499,6,5559
28131,3,3367
37019,2,17406
31041,7,1236
38033,9,173
13189,2,4824
13275,4,9359
13047,2,8505
13005,7,2524
48061,2,121665
40055,7,1295
30083,7,859
54005,2,5466
17199,5,10423
26031,7,4486
1125,3,34384
19139,4,4540
51135,6,3042
48153,6,1339
26075,3,20352
6085,1,175627
40137,4,7254
12117,1,51750
36005,1,405516
48277,4,9751
54027,3,3585
48403,9,1779
50019,7,4029
1019,8,4273
37121,9,2444
36033,5,8235
18035,3,23202
8031,1,95232
30051,9,467
13015,1,15442
29211,9,1049
20085,3,1173
38105,7,2292
47185,7,4624
25027,2,75902
37125,4,10766
18097,1,173996
1081,3,28139
19171,6,2063
13319,8,1875
48223,6,5492
27127,7,1359
22077,2,4332
21089,2,6131
12115,2,43904
17157,6,3850
12086,1,487700
20171,7,370
27091,7,2363
21097,6,2820
13179,3,9184
28003,7,6175
48453,1,143948
29145,3,8251
26063,7,4409
39115,6,2714
29157,7,1941
48385,9,609
26051,6,4459
31103,9,127
26055,5,8985
51510,1,16096
2150,7,991
23003,7,10804
19063,7,1002
36061,1,274651
41037,7,1122
48471,4,12123
39137,6,2796
5055,6,6709
22067,6,7237
20103,1,6464
20093,9,444
19081,7,947
29109,6,5613
25007,7,1302
13249,8,942
55115,6,4794
46081,6,2907
38025,9,420
47025,6,7735
37149,8,2912
27153,6,2978
20025,9,231
19091,7,928
55021,2,4561
48013,1,7867
31071,9,249
48355,2,53441
48323,5,13759
48227,5,5478
17127,7,2972
5133,7,3465
1077,3,13739
54009,3,2955
18045,6,2145
2290,8,1266
55091,8,823
24039,3,4992
48147,6,5015
48377,7,1677
36011,4,9236
22097,4,21994
27033,7,1346
6071,1,369012
13261,6,8290
31065,9,656
13239,9,632
48159,8,1659
36069,1,10240
27161,7,1661
29085,8,1767
46063,9,143
51071,3,2032
39079,7,5780
29127,5,4000
25013,2,74898
28043,7,4720
41031,6,3838
48241,6,6652
31057,9,223
24023,6,3692
29131,6,4040
48045,9,226
20143,9,618
18119,3,2827
6107,2,112387
18083,4,5952
56029,7,3173
22099,3,9830
53039,6,3269
47047,1,5655
24047,4,5792
21157,7,3734
40063,7,2978
21151,4,17680
22121,2,4231
29031,5,11371
48149,6,2750
20005,6,2398
5075,6,3207
55067,6,2681
19135,7,968
18053,4,12585
53049,7,3578
47161,3,2144
8049,8,1220
2100,9,257
47141,4,14046
13027,3,3854
48297,6,1874
41045,6,6222
51683,1,3980
13029,2,3456
27115,6,3306
48203,4,11328
37039,9,5057
17013,1,585
39145,4,16051
26143,7,4129
35061,2,13746
19179,5,5634
55003,7,2179
45033,6,7757
29143,7,4381
1073,1,98463
48257,1,13328
40037,2,10895
48319,9,543
20191,2,3091
29187,4,9726
22031,2,5669
42003,1,137017
47165,1,17288
37017,6,8794
17173,6,2521
18075,6,2878
13063,1,57057
29079,7,1680
31003,9,707
19085,2,1518
17055,5,8276
5017,7,3066
13073,2,10512
30067,7,1877
55059,1,21222
2282,9,101
39091,4,5420
18125,6,1392
48059,3,2032
30077,7,929
1023,9,2910
47045,5,7402
8089,6,4209
21159,8,4115
24011,6,4955
28091,6,6614
51690,4,3035
51685,1,1231
51047,6,4766
29183,1,20198
47011,3,14448
48361,2,11751
31079,5,7652
19137,6,1287
41011,5,10946
20027,7,819
13233,6,7609
44001,1,3833
34029,1,64493
12043,6,2672
13271,7,3916
27081,9,721
21057,9,1679
51750,3,3931
51710,1,45219
34027,1,26615
48105,7,612
34035,1,17318
39067,6,2521
12085,2,17584
53069,8,523
27009,3,3345
30087,9,1525
16011,6,6181
46067,8,872
47115,2,5157
48009,3,909
42055,4,13779
26005,4,10303
50011,3,5053
20151,7,1048
34011,3,26321
40033,6,994
21043,6,5932
21211,1,5178
51183,1,2070
21019,2,8356
31063,9,312
5095,7,1909
51530,6,975
16071,8,563
28151,5,15883
18025,8,1797
25003,3,13182
20029,7,1142
13215,2,41006
16029,6,769
22069,6,11773
22025,9,2485
13265,8,457
17089,1,55134
48375,3,25040
31033,7,935
21051,7,7945
37095,9,1067
22087,1,10604
51730,1,7884
5021,7,2807
18099,6,5490
51161,2,6774
37181,4,10552
21189,9,1980
35039,6,8953
19095,8,1156
5027,7,5330
17135,6,4220
51093,1,3430
51007,1,1328
55045,6,3002
17093,1,5778
12109,1,17838
8057,9,191
48373,6,8845
1093,8,5386
21009,6,9397
19187,5,4874
18165,3,2039
25017,1,117964
22039,6,9463
1009,1,8033
30007,9,604
45003,2,28039
54033,5,9851
47139,3,2670
21181,8,1376
19109,7,1696
17185,6,1529
31135,9,301
45085,3,21320
48201,1,752261
46013,5,4025
40145,2,8725
22083,6,5299
16059,7,1351
1101,2,40760
19141,7,1381
37197,2,5202
36003,7,7836
19101,7,2311
22017,2,63909
22119,6,9276
48003,6,2073
37045,4,19594
20179,9,284
48369,7,1500
13035,1,3586
48085,1,58619
46027,6,2393
1039,7,7228
17191,7,2272
1071,6,9007
53023,8,308
13289,3,1893
47067,8,1983
20077,8,809
36039,6,7278
37013,6,8925
13315,9,2115
31115,9,94
55043,6,7919
8013,2,33749
19003,9,452
28029,2,7517
48041,3,51022
5097,8,1956
31077,9,333
17073,2,5556
48433,8,217
54041,7,2939
27077,9,408
16049,6,2531
55047,6,2153
33001,4,5949
35051,6,2940
39057,2,18975
5043,7,3387
55141,4,7088
38045,9,468
20197,3,549
55135,6,5318
6019,2,245131
22065,7,4103
21011,8,3034
18017,4,4648
17035,9,1323
5149,6,3817
8123,3,33377
48055,1,6552
55131,1,7496
21147,9,6168
53003,3,3225
54045,6,8075
48097,6,5330
21165,9,1513
48015,1,4213
41007,4,4919
26037,2,6509
1033,3,8982
56005,5,4067
16003,8,580
17139,6,1444
51035,6,4775
51099,8,1728
29055,6,4449
20155,4,8844
45043,4,9222
19029,6,1654
6089,3,30359
39075,7,5041
35019,7,955
47127,9,678
55107,6,1920
42079,2,44618
39097,1,4576
31091,9,56
49053,3,19795
21117,1,20493
13177,3,3190
20145,7,840
55139,3,18883
48437,6,1511
17101,7,2566
51197,6,4135
25015,2,16535
22103,1,24598
28041,8,2642
51053,1,3565
29101,4,7187
55023,7,2212
26151,6,6359
54021,9,1706
30023,7,1574
5109,9,1927
31113,9,79
20149,6,1917
55011,8,1369
19189,7,1072
37071,1,33562
37001,3,25014
40151,7,1105
4013,1,624923
53019,9,1602
48081,8,501
8027,8,605
4023,4,9569
28101,7,4563
28097,7,2433
31001,5,3835
16083,5,11954
17077,5,12930
31097,8,520
39129,1,6905
40149,7,1784
13045,1,16713
22095,1,7959
42035,6,6543
31069,9,308
39039,4,3876
53053,1,102303
13143,1,5306
42127,6,6427
27039,3,1560
39025,1,21281
19195,9,662
55017,3,7042
17069,9,857
46077,9,457
51181,1,876
34039,1,58425
8045,5,5276
30085,7,2659
28087,5,12346
40147,4,7333
37171,4,12102
48007,2,4751
35025,5,12179
17103,4,4148
46061,8,282
48163,6,4005
53025,4,14842
37151,2,20481
13217,1,18463
36043,2,9968
31173,8,1777
5081,6,2148
29115,7,1927
38005,9,1961
27123,1,73203
47057,3,4563
55053,6,2132
50023,4,6080
17141,4,5167
35009,5,9216
47179,3,18319
6011,6,2375
22081,6,2194
17039,6,1686
40133,7,5562
49057,2,26535
37093,2,10177
6033,4,13065
45035,2,14329
8107,7,1766
18151,7,3493
13037,8,1541
5033,2,10322
6043,8,3077
19105,3,2012
42113,8,768
28089,2,12426
31171,9,99
31095,7,757
55037,9,540
31119,5,4867
55007,8,1821
22093,6,4038
31027,9,803
47021,1,4375
33003,8,4896
19143,7,625
29227,9,279
42059,6,5362
17105,4,4823
1003,4,24005
40071,5,7252
18015,3,2033
30089,8,2005
26133,7,4325
53077,3,44819
47135,8,1728
29087,8,612
36063,1,26152
22059,6,2653
54087,6,3100
30079,9,140
38029,8,455
17149,7,2506
17189,6,1290
26065,2,54343
12005,3,26845
17119,1,34772
28079,6,5218
29005,9,665
18037,7,2730
26115,3,14819
34001,2,37734
20181,7,841
48317,6,738
48327,8,446
26163,1,395250
28011,5,10927
28027,5,9567
41071,1,11607
29039,6,2739
39003,3,15101
29105,6,5480
31031,7,685
27093,6,1604
55029,6,2250
55071,4,7229
30103,8,71
21129,9,2487
19025,9,1138
48353,6,2697
30011,9,164
48175,3,1059
48425,8,931
48217,6,5542
35057,2,4001
31149,9,186
23025,6,9749
48111,7,793
21145,5,11962
13321,3,4334
31061,9,393
49051,6,1668
54067,6,5359
48031,8,1207
32510,3,6727
37079,3,4422
4009,6,7854
21067,2,54406
16037,9,639
49039,6,4520
19161,9,1124
29015,9,3330
51770,2,21886
36119,1,95327
21103,1,2886
6051,7,1583
13021,3,38547
51059,1,67736
19175,6,1586
13031,4,16650
51001,7,6493
54053,6,4671
21083,7,7571
48347,5,15402
29017,9,2076
48287,6,2105
20157,9,524
29186,6,2069
49005,3,15209
37023,2,15310
48429,7,1876
40043,9,623
19043,8,1709
32021,7,801
47065,2,47050
13245,2,48929
53061,1,62396
18177,5,10859
36083,2,17978
6039,3,30029
40115,6,5858
39103,1,11394
42081,3,16033
35013,3,53719
12127,2,73420
45053,6,5570
13075,6,4268
31101,7,1019
13019,6,4179
48247,6,1431
29091,7,8110
22111,3,4422
29037,1,8792
48357,7,1170
38087,9,86
22091,2,2558
27119,3,4410
48103,6,488
1129,8,3018
39051,2,3719
23019,3,21460
13225,6,5522
12129,2,3728
41067,1,51702
18145,1,5340
42053,9,1172
19017,3,1557
21179,1,5236
19191,7,1709
12047,6,3363
48501,7,1025
45067,6,7915
21059,3,15895
26101,7,3255
13149,1,2227
19065,6,2449
45015,2,25313
21017,2,3466
37195,4,17798
6041,1,19932
5111,3,5352
29207,7,5545
49013,6,2765
47055,6,4751
18023,6,4317
29047,1,19868
22045,4,16885
48193,6,1229
21069,7,3066
29219,1,3935
37143,9,2239
42031,6,5628
1069,3,19878
18169,6,3428
48079,9,665
29003,3,1657
54035,6,4546
27165,7,1216
40029,9,1222
27111,6,5976
51830,1,2275
48191,9,795
51021,8,800
39009,4,16044
8005,1,56898
39049,1,205476
46017,9,804
17023,6,1884
47027,8,1681
26145,3,33068
41025,7,1171
51157,8,729
39063,4,7385
17115,3,17760
29103,9,728
51137,6,3212
26085,8,2430
37031,4,8321
16035,6,1241
55113,9,2434
48435,7,542
54039,2,30852
6017,1,16073
35031,4,25540
20187,9,220
48461,8,491
39021,6,4194
48083,6,1681
21191,1,2069
13187,6,4711
51191,3,7744
18113,6,5308
42125,1,19752
1043,6,12133
13157,6,8097
23027,6,5514
45029,6,8774
20147,7,673
25009,1,81646
47023,3,2573
51081,6,2119
29077,2,45710
46073,9,240
18157,3,30478
31075,9,64
5049,9,2767
51610,1,509
40021,6,10863
29011,6,1899
12033,2,45044
26027,2,6579
13171,1,3142
40089,7,8299
30093,5,5193
55101,3,25798
21217,7,5098
22047,2,6615
26139,3,24520
19155,2,9395
